solid OpenSCAD_Model
  facet normal 0 0 -1
    outer loop
      vertex -1.3199108631127934 -2.469379540175394 0
      vertex -0.9444693961333237 -1.413498340914327 0
      vertex -1.0715136106222514 -2.5868626910316026 0
    endloop
  endfacet
  facet normal 0 0 -1
    outer loop
      vertex -1.7763011956582073 -2.1644292694156633 0
      vertex -1.4992661493922035 -0.8013744526041959 0
      vertex -1.555596652454886 -2.3281149144471267 0
    endloop
  endfacet
  facet normal 0 0 -1
    outer loop
      vertex -1.555596652454886 -2.3281149144471267 0
      vertex -1.314117770716653 -1.0784685830781973 0
      vertex -1.3199108631127934 -2.469379540175394 0
    endloop
  endfacet
  facet normal 0 0 -1
    outer loop
      vertex -1.3199108631127934 -2.469379540175394 0
      vertex -1.314117770716653 -1.0784685830781973 0
      vertex -1.2020815280171309 -1.2020815280171309 0
    endloop
  endfacet
  facet normal 0 0 -1
    outer loop
      vertex -1.3199108631127934 -2.469379540175394 0
      vertex -1.0784685830781973 -1.314117770716653 0
      vertex -0.9444693961333237 -1.413498340914327 0
    endloop
  endfacet
  facet normal 0 0 -1
    outer loop
      vertex -1.3199108631127934 -2.469379540175394 0
      vertex -1.2020815280171309 -1.2020815280171309 0
      vertex -1.0784685830781973 -1.314117770716653 0
    endloop
  endfacet
  facet normal 0 0 -1
    outer loop
      vertex -1.555596652454886 -2.3281149144471267 0
      vertex -1.413498340914327 -0.9444693961333237 0
      vertex -1.314117770716653 -1.0784685830781973 0
    endloop
  endfacet
  facet normal 0 0 -1
    outer loop
      vertex -0.8127970963124945 -2.6794329400501846 0
      vertex -0.49348395133258594 -1.626798570744755 0
      vertex -0.546252901645159 -2.746198785129045 0
    endloop
  endfacet
  facet normal 0 0 -1
    outer loop
      vertex -1.0715136106222514 -2.5868626910316026 0
      vertex -0.8013744526041959 -1.4992661493922035 0
      vertex -0.8127970963124945 -2.6794329400501846 0
    endloop
  endfacet
  facet normal 0 0 -1
    outer loop
      vertex -0.546252901645159 -2.746198785129045 0
      vertex -0.16662913856025302 -1.6918140353427347 0
      vertex -0.27444799292276967 -2.7865172346821514 0
    endloop
  endfacet
  facet normal 0 0 -1
    outer loop
      vertex -0.27444799292276967 -2.7865172346821514 0
      vertex -0.16662913856025302 -1.6918140353427347 0
      vertex 0 -2.8 0
    endloop
  endfacet
  facet normal 0 0 -1
    outer loop
      vertex 0 -2.8 0
      vertex 0.16662913856025302 -1.6918140353427347 0
      vertex 0.27444799292276967 -2.7865172346821514 0
    endloop
  endfacet
  facet normal 0 0 -1
    outer loop
      vertex 0.27444799292276967 -2.7865172346821514 0
      vertex 0.33165354742741804 -1.6673349766854917 0
      vertex 0.546252901645159 -2.746198785129045 0
    endloop
  endfacet
  facet normal 0 0 -1
    outer loop
      vertex 0.546252901645159 -2.746198785129045 0
      vertex 0.6505618350206526 -1.5705952052691874 0
      vertex 0.8127970963124945 -2.6794329400501846 0
    endloop
  endfacet
  facet normal 0 0 -1
    outer loop
      vertex -0.8127970963124945 -2.6794329400501846 0
      vertex -0.6505618350206526 -1.5705952052691874 0
      vertex -0.49348395133258594 -1.626798570744755 0
    endloop
  endfacet
  facet normal 0 0 -1
    outer loop
      vertex -0.8127970963124945 -2.6794329400501846 0
      vertex -0.8013744526041959 -1.4992661493922035 0
      vertex -0.6505618350206526 -1.5705952052691874 0
    endloop
  endfacet
  facet normal 0 0 -1
    outer loop
      vertex -1.0715136106222514 -2.5868626910316026 0
      vertex -0.9444693961333237 -1.413498340914327 0
      vertex -0.8013744526041959 -1.4992661493922035 0
    endloop
  endfacet
  facet normal 0 0 -1
    outer loop
      vertex -0.546252901645159 -2.746198785129045 0
      vertex -0.49348395133258594 -1.626798570744755 0
      vertex -0.33165354742741804 -1.6673349766854917 0
    endloop
  endfacet
  facet normal 0 0 -1
    outer loop
      vertex -0.546252901645159 -2.746198785129045 0
      vertex -0.33165354742741804 -1.6673349766854917 0
      vertex -0.16662913856025302 -1.6918140353427347 0
    endloop
  endfacet
  facet normal 0 0 -1
    outer loop
      vertex 0 -2.8 0
      vertex -0.16662913856025302 -1.6918140353427347 0
      vertex 0 -1.7 0
    endloop
  endfacet
  facet normal 0 0 -1
    outer loop
      vertex 0 -2.8 0
      vertex 0 -1.7 0
      vertex 0.16662913856025302 -1.6918140353427347 0
    endloop
  endfacet
  facet normal 0 0 -1
    outer loop
      vertex 0.27444799292276967 -2.7865172346821514 0
      vertex 0.16662913856025302 -1.6918140353427347 0
      vertex 0.33165354742741804 -1.6673349766854917 0
    endloop
  endfacet
  facet normal 0 0 -1
    outer loop
      vertex 0.546252901645159 -2.746198785129045 0
      vertex 0.33165354742741804 -1.6673349766854917 0
      vertex 0.49348395133258594 -1.626798570744755 0
    endloop
  endfacet
  facet normal 0 0 -1
    outer loop
      vertex 0.546252901645159 -2.746198785129045 0
      vertex 0.49348395133258594 -1.626798570744755 0
      vertex 0.6505618350206526 -1.5705952052691874 0
    endloop
  endfacet
  facet normal 0 0 -1
    outer loop
      vertex 0.8127970963124945 -2.6794329400501846 0
      vertex 0.6505618350206526 -1.5705952052691874 0
      vertex 0.8013744526041959 -1.4992661493922035 0
    endloop
  endfacet
  facet normal -0.427555093430281 -0.903989293123444 0
    outer loop
      vertex -1.3199108631127934 -2.469379540175394 0
      vertex -1.0715136106222514 -2.5868626910316026 0
      vertex -1.0715136106222514 -2.5868626910316026 10.8
    endloop
  endfacet
  facet normal -0.6715589548470174 -0.7409511253549599 0
    outer loop
      vertex -1.7763011956582073 -2.1644292694156633 0
      vertex -1.7763011956582073 -2.1644292694156633 10.8
      vertex -1.9798989873223332 -1.9798989873223332 0
    endloop
  endfacet
  facet normal -0.5956993044924338 -0.8032075314806445 0
    outer loop
      vertex -1.7763011956582073 -2.1644292694156633 0
      vertex -1.555596652454886 -2.3281149144471267 0
      vertex -1.555596652454886 -2.3281149144471267 10.8
    endloop
  endfacet
  facet normal -0.5141027441932221 -0.8577286100002719 0
    outer loop
      vertex -1.555596652454886 -2.3281149144471267 0
      vertex -1.3199108631127934 -2.469379540175394 0
      vertex -1.3199108631127934 -2.469379540175394 10.8
    endloop
  endfacet
  facet normal -0.7409511253549599 -0.6715589548470174 0
    outer loop
      vertex -2.1644292694156633 -1.7763011956582073 0
      vertex -1.9798989873223332 -1.9798989873223332 0
      vertex -2.1644292694156633 -1.7763011956582073 10.8
    endloop
  endfacet
  facet normal -0.8032075314806445 -0.5956993044924338 0
    outer loop
      vertex -2.1644292694156633 -1.7763011956582073 0
      vertex -2.3281149144471267 -1.555596652454886 10.8
      vertex -2.3281149144471267 -1.555596652454886 0
    endloop
  endfacet
  facet normal -0.3368898533922203 -0.9415440651830207 0
    outer loop
      vertex -1.0715136106222514 -2.5868626910316026 0
      vertex -0.8127970963124945 -2.6794329400501846 0
      vertex -0.8127970963124945 -2.6794329400501846 10.8
    endloop
  endfacet
  facet normal -0.24298017990326382 -0.9700312531945441 0
    outer loop
      vertex -0.8127970963124945 -2.6794329400501846 0
      vertex -0.546252901645159 -2.746198785129045 0
      vertex -0.546252901645159 -2.746198785129045 10.8
    endloop
  endfacet
  facet normal -0.14673047445536302 -0.9891765099647808 0
    outer loop
      vertex -0.546252901645159 -2.746198785129045 0
      vertex -0.27444799292276967 -2.7865172346821514 0
      vertex -0.27444799292276967 -2.7865172346821514 10.8
    endloop
  endfacet
  facet normal -0.04906767432741694 -0.9987954562051724 0
    outer loop
      vertex -0.27444799292276967 -2.7865172346821514 0
      vertex 0 -2.8 0
      vertex 0 -2.8 10.8
    endloop
  endfacet
  facet normal 0.04906767432741694 -0.9987954562051724 0
    outer loop
      vertex 0 -2.8 0
      vertex 0.27444799292276967 -2.7865172346821514 0
      vertex 0.27444799292276967 -2.7865172346821514 10.8
    endloop
  endfacet
  facet normal 0.14673047445536302 -0.9891765099647808 0
    outer loop
      vertex 0.27444799292276967 -2.7865172346821514 0
      vertex 0.546252901645159 -2.746198785129045 0
      vertex 0.546252901645159 -2.746198785129045 10.8
    endloop
  endfacet
  facet normal 0.24298017990326382 -0.9700312531945441 0
    outer loop
      vertex 0.546252901645159 -2.746198785129045 0
      vertex 0.8127970963124945 -2.6794329400501846 0
      vertex 0.8127970963124945 -2.6794329400501846 10.8
    endloop
  endfacet
  facet normal 0 0 -1
    outer loop
      vertex -1.555596652454886 -2.3281149144471267 0
      vertex -1.4992661493922035 -0.8013744526041959 0
      vertex -1.413498340914327 -0.9444693961333237 0
    endloop
  endfacet
  facet normal 0 0 -1
    outer loop
      vertex -1.7763011956582073 -2.1644292694156633 0
      vertex -1.5705952052691874 -0.6505618350206526 0
      vertex -1.4992661493922035 -0.8013744526041959 0
    endloop
  endfacet
  facet normal 0 0 -1
    outer loop
      vertex -1.7763011956582073 -2.1644292694156633 0
      vertex -1.626798570744755 -0.49348395133258594 0
      vertex -1.5705952052691874 -0.6505618350206526 0
    endloop
  endfacet
  facet normal 0 0 -1
    outer loop
      vertex -1.7763011956582073 -2.1644292694156633 0
      vertex -1.6673349766854917 -0.33165354742741804 0
      vertex -1.626798570744755 -0.49348395133258594 0
    endloop
  endfacet
  facet normal 0 0 -1
    outer loop
      vertex -1.7763011956582073 -2.1644292694156633 0
      vertex -1.6918140353427347 -0.16662913856025302 0
      vertex -1.6673349766854917 -0.33165354742741804 0
    endloop
  endfacet
  facet normal 0 0 -1
    outer loop
      vertex -1.7763011956582073 -2.1644292694156633 0
      vertex -1.7 0 0
      vertex -1.6918140353427347 -0.16662913856025302 0
    endloop
  endfacet
  facet normal 0 0 -1
    outer loop
      vertex -2.3281149144471267 -1.555596652454886 0
      vertex -2.469379540175394 -1.3199108631127934 0
      vertex -2.3281149144471267 1.555596652454886 0
    endloop
  endfacet
  facet normal 0 0 -1
    outer loop
      vertex -2.469379540175394 -1.3199108631127934 0
      vertex -2.5868626910316026 -1.0715136106222514 0
      vertex -2.469379540175394 1.3199108631127934 0
    endloop
  endfacet
  facet normal 0 0 -1
    outer loop
      vertex -2.1644292694156633 -1.7763011956582073 0
      vertex -1.9798989873223332 1.9798989873223332 0
      vertex -1.9798989873223332 -1.9798989873223332 0
    endloop
  endfacet
  facet normal 0 0 -1
    outer loop
      vertex -2.1644292694156633 -1.7763011956582073 0
      vertex -2.3281149144471267 -1.555596652454886 0
      vertex -2.1644292694156633 1.7763011956582073 0
    endloop
  endfacet
  facet normal 0 0 -1
    outer loop
      vertex -2.5868626910316026 -1.0715136106222514 0
      vertex -2.6794329400501846 -0.8127970963124945 0
      vertex -2.5868626910316026 1.0715136106222514 0
    endloop
  endfacet
  facet normal 0 0 -1
    outer loop
      vertex -2.6794329400501846 -0.8127970963124945 0
      vertex -2.746198785129045 -0.546252901645159 0
      vertex -2.6794329400501846 0.8127970963124945 0
    endloop
  endfacet
  facet normal 0 0 -1
    outer loop
      vertex -2.746198785129045 -0.546252901645159 0
      vertex -2.7865172346821514 -0.27444799292276967 0
      vertex -2.746198785129045 0.546252901645159 0
    endloop
  endfacet
  facet normal 0 0 -1
    outer loop
      vertex -1.7763011956582073 -2.1644292694156633 0
      vertex -1.9798989873223332 -1.9798989873223332 0
      vertex -1.7763011956582073 2.1644292694156633 0
    endloop
  endfacet
  facet normal -0.8577286100002719 -0.5141027441932221 0
    outer loop
      vertex -2.3281149144471267 -1.555596652454886 0
      vertex -2.469379540175394 -1.3199108631127934 10.8
      vertex -2.469379540175394 -1.3199108631127934 0
    endloop
  endfacet
  facet normal -0.903989293123444 -0.427555093430281 0
    outer loop
      vertex -2.469379540175394 -1.3199108631127934 0
      vertex -2.5868626910316026 -1.0715136106222514 10.8
      vertex -2.5868626910316026 -1.0715136106222514 0
    endloop
  endfacet
  facet normal -0.9415440651830207 -0.3368898533922203 0
    outer loop
      vertex -2.5868626910316026 -1.0715136106222514 0
      vertex -2.6794329400501846 -0.8127970963124945 10.8
      vertex -2.6794329400501846 -0.8127970963124945 0
    endloop
  endfacet
  facet normal -0.9700312531945441 -0.24298017990326382 0
    outer loop
      vertex -2.6794329400501846 -0.8127970963124945 0
      vertex -2.746198785129045 -0.546252901645159 10.8
      vertex -2.746198785129045 -0.546252901645159 0
    endloop
  endfacet
  facet normal -0.9891765099647808 -0.14673047445536302 0
    outer loop
      vertex -2.746198785129045 -0.546252901645159 0
      vertex -2.7865172346821514 -0.27444799292276967 10.8
      vertex -2.7865172346821514 -0.27444799292276967 0
    endloop
  endfacet
  facet normal -0.9987954562051724 -0.04906767432741694 0
    outer loop
      vertex -2.7865172346821514 -0.27444799292276967 0
      vertex -2.8 0 10.8
      vertex -2.8 0 0
    endloop
  endfacet
  facet normal 0 0 -1
    outer loop
      vertex 0.8127970963124945 -2.6794329400501846 0
      vertex 0.9444693961333237 -1.413498340914327 0
      vertex 1.0715136106222514 -2.5868626910316026 0
    endloop
  endfacet
  facet normal 0 0 -1
    outer loop
      vertex 1.0715136106222514 -2.5868626910316026 0
      vertex 1.2020815280171309 -1.2020815280171309 0
      vertex 1.3199108631127934 -2.469379540175394 0
    endloop
  endfacet
  facet normal 0 0 -1
    outer loop
      vertex 0.8127970963124945 -2.6794329400501846 0
      vertex 0.8013744526041959 -1.4992661493922035 0
      vertex 0.9444693961333237 -1.413498340914327 0
    endloop
  endfacet
  facet normal 0 0 -1
    outer loop
      vertex 1.0715136106222514 -2.5868626910316026 0
      vertex 0.9444693961333237 -1.413498340914327 0
      vertex 1.0784685830781973 -1.314117770716653 0
    endloop
  endfacet
  facet normal 0 0 -1
    outer loop
      vertex 1.3199108631127934 -2.469379540175394 0
      vertex 1.413498340914327 -0.9444693961333237 0
      vertex 1.555596652454886 -2.3281149144471267 0
    endloop
  endfacet
  facet normal 0 0 -1
    outer loop
      vertex 1.0715136106222514 -2.5868626910316026 0
      vertex 1.0784685830781973 -1.314117770716653 0
      vertex 1.2020815280171309 -1.2020815280171309 0
    endloop
  endfacet
  facet normal 0 0 -1
    outer loop
      vertex 1.3199108631127934 -2.469379540175394 0
      vertex 1.2020815280171309 -1.2020815280171309 0
      vertex 1.314117770716653 -1.0784685830781973 0
    endloop
  endfacet
  facet normal 0 0 -1
    outer loop
      vertex 1.555596652454886 -2.3281149144471267 0
      vertex 1.6673349766854917 -0.33165354742741804 0
      vertex 1.7763011956582073 -2.1644292694156633 0
    endloop
  endfacet
  facet normal 0 0 -1
    outer loop
      vertex 1.3199108631127934 -2.469379540175394 0
      vertex 1.314117770716653 -1.0784685830781973 0
      vertex 1.413498340914327 -0.9444693961333237 0
    endloop
  endfacet
  facet normal 0.3368898533922203 -0.9415440651830207 0
    outer loop
      vertex 0.8127970963124945 -2.6794329400501846 0
      vertex 1.0715136106222514 -2.5868626910316026 0
      vertex 1.0715136106222514 -2.5868626910316026 10.8
    endloop
  endfacet
  facet normal 0.427555093430281 -0.903989293123444 0
    outer loop
      vertex 1.0715136106222514 -2.5868626910316026 0
      vertex 1.3199108631127934 -2.469379540175394 0
      vertex 1.3199108631127934 -2.469379540175394 10.8
    endloop
  endfacet
  facet normal 0.5141027441932221 -0.8577286100002719 0
    outer loop
      vertex 1.3199108631127934 -2.469379540175394 0
      vertex 1.555596652454886 -2.3281149144471267 0
      vertex 1.555596652454886 -2.3281149144471267 10.8
    endloop
  endfacet
  facet normal 0.5956993044924338 -0.8032075314806445 0
    outer loop
      vertex 1.555596652454886 -2.3281149144471267 0
      vertex 1.7763011956582073 -2.1644292694156633 0
      vertex 1.7763011956582073 -2.1644292694156633 10.8
    endloop
  endfacet
  facet normal 0.6715589548470174 -0.7409511253549599 0
    outer loop
      vertex 1.7763011956582073 -2.1644292694156633 0
      vertex 1.9798989873223332 -1.9798989873223332 0
      vertex 1.9798989873223332 -1.9798989873223332 10.8
    endloop
  endfacet
  facet normal 0.7409511253549599 -0.6715589548470174 0
    outer loop
      vertex 1.9798989873223332 -1.9798989873223332 0
      vertex 2.1644292694156633 -1.7763011956582073 0
      vertex 1.9798989873223332 -1.9798989873223332 10.8
    endloop
  endfacet
  facet normal 0.8032075314806445 -0.5956993044924338 0
    outer loop
      vertex 2.1644292694156633 -1.7763011956582073 0
      vertex 2.3281149144471267 -1.555596652454886 0
      vertex 2.1644292694156633 -1.7763011956582073 10.8
    endloop
  endfacet
  facet normal 0.8577286100002719 -0.5141027441932221 0
    outer loop
      vertex 2.3281149144471267 -1.555596652454886 0
      vertex 2.469379540175394 -1.3199108631127934 0
      vertex 2.3281149144471267 -1.555596652454886 10.8
    endloop
  endfacet
  facet normal 0 0 -1
    outer loop
      vertex 1.555596652454886 -2.3281149144471267 0
      vertex 1.413498340914327 -0.9444693961333237 0
      vertex 1.4992661493922035 -0.8013744526041959 0
    endloop
  endfacet
  facet normal 0 0 -1
    outer loop
      vertex 1.555596652454886 -2.3281149144471267 0
      vertex 1.4992661493922035 -0.8013744526041959 0
      vertex 1.5705952052691874 -0.6505618350206526 0
    endloop
  endfacet
  facet normal 0 0 -1
    outer loop
      vertex 1.555596652454886 -2.3281149144471267 0
      vertex 1.5705952052691874 -0.6505618350206526 0
      vertex 1.626798570744755 -0.49348395133258594 0
    endloop
  endfacet
  facet normal 0 0 -1
    outer loop
      vertex 1.555596652454886 -2.3281149144471267 0
      vertex 1.626798570744755 -0.49348395133258594 0
      vertex 1.6673349766854917 -0.33165354742741804 0
    endloop
  endfacet
  facet normal 0 0 -1
    outer loop
      vertex 1.7763011956582073 -2.1644292694156633 0
      vertex 1.6673349766854917 -0.33165354742741804 0
      vertex 1.6918140353427347 -0.16662913856025302 0
    endloop
  endfacet
  facet normal 0 0 -1
    outer loop
      vertex 1.7763011956582073 -2.1644292694156633 0
      vertex 1.6918140353427347 -0.16662913856025302 0
      vertex 1.7 0 0
    endloop
  endfacet
  facet normal 0 0 -1
    outer loop
      vertex 1.7763011956582073 -2.1644292694156633 0
      vertex 1.9798989873223332 1.9798989873223332 0
      vertex 1.9798989873223332 -1.9798989873223332 0
    endloop
  endfacet
  facet normal 0 0 -1
    outer loop
      vertex 1.9798989873223332 -1.9798989873223332 0
      vertex 2.1644292694156633 1.7763011956582073 0
      vertex 2.1644292694156633 -1.7763011956582073 0
    endloop
  endfacet
  facet normal 0 0 -1
    outer loop
      vertex 2.1644292694156633 -1.7763011956582073 0
      vertex 2.3281149144471267 1.555596652454886 0
      vertex 2.3281149144471267 -1.555596652454886 0
    endloop
  endfacet
  facet normal 0 0 -1
    outer loop
      vertex 2.3281149144471267 -1.555596652454886 0
      vertex 2.469379540175394 1.3199108631127934 0
      vertex 2.469379540175394 -1.3199108631127934 0
    endloop
  endfacet
  facet normal 0 0 -1
    outer loop
      vertex 2.469379540175394 -1.3199108631127934 0
      vertex 2.5868626910316026 1.0715136106222514 0
      vertex 2.5868626910316026 -1.0715136106222514 0
    endloop
  endfacet
  facet normal 0 0 -1
    outer loop
      vertex 2.5868626910316026 -1.0715136106222514 0
      vertex 2.6794329400501846 0.8127970963124945 0
      vertex 2.6794329400501846 -0.8127970963124945 0
    endloop
  endfacet
  facet normal 0 0 -1
    outer loop
      vertex 2.6794329400501846 -0.8127970963124945 0
      vertex 2.746198785129045 0.546252901645159 0
      vertex 2.746198785129045 -0.546252901645159 0
    endloop
  endfacet
  facet normal 0 0 -1
    outer loop
      vertex 2.746198785129045 -0.546252901645159 0
      vertex 2.7865172346821514 0.27444799292276967 0
      vertex 2.7865172346821514 -0.27444799292276967 0
    endloop
  endfacet
  facet normal 0.903989293123444 -0.427555093430281 0
    outer loop
      vertex 2.469379540175394 -1.3199108631127934 0
      vertex 2.5868626910316026 -1.0715136106222514 0
      vertex 2.469379540175394 -1.3199108631127934 10.8
    endloop
  endfacet
  facet normal 0.9415440651830207 -0.3368898533922203 0
    outer loop
      vertex 2.5868626910316026 -1.0715136106222514 0
      vertex 2.6794329400501846 -0.8127970963124945 0
      vertex 2.5868626910316026 -1.0715136106222514 10.8
    endloop
  endfacet
  facet normal 0.9700312531945441 -0.24298017990326382 0
    outer loop
      vertex 2.6794329400501846 -0.8127970963124945 0
      vertex 2.746198785129045 -0.546252901645159 0
      vertex 2.6794329400501846 -0.8127970963124945 10.8
    endloop
  endfacet
  facet normal 0.9891765099647808 -0.14673047445536302 0
    outer loop
      vertex 2.746198785129045 -0.546252901645159 0
      vertex 2.7865172346821514 -0.27444799292276967 0
      vertex 2.746198785129045 -0.546252901645159 10.8
    endloop
  endfacet
  facet normal 0.9987954562051724 -0.04906767432741694 0
    outer loop
      vertex 2.7865172346821514 -0.27444799292276967 0
      vertex 2.8 0 0
      vertex 2.7865172346821514 -0.27444799292276967 10.8
    endloop
  endfacet
  facet normal -0.427555093430281 -0.903989293123444 0
    outer loop
      vertex -1.3199108631127934 -2.469379540175394 0
      vertex -1.0715136106222514 -2.5868626910316026 10.8
      vertex -1.3199108631127934 -2.469379540175394 10.8
    endloop
  endfacet
  facet normal -0.3368898533922203 -0.9415440651830207 0
    outer loop
      vertex -1.0715136106222514 -2.5868626910316026 0
      vertex -0.8127970963124945 -2.6794329400501846 10.8
      vertex -1.0715136106222514 -2.5868626910316026 10.8
    endloop
  endfacet
  facet normal -0.5141027441932221 -0.8577286100002719 0
    outer loop
      vertex -1.555596652454886 -2.3281149144471267 0
      vertex -1.3199108631127934 -2.469379540175394 10.8
      vertex -1.555596652454886 -2.3281149144471267 10.8
    endloop
  endfacet
  facet normal -0.5956993044924338 -0.8032075314806445 0
    outer loop
      vertex -1.7763011956582073 -2.1644292694156633 0
      vertex -1.555596652454886 -2.3281149144471267 10.8
      vertex -1.7763011956582073 -2.1644292694156633 10.8
    endloop
  endfacet
  facet normal -0.6715589548470174 -0.7409511253549599 0
    outer loop
      vertex -1.9798989873223332 -1.9798989873223332 0
      vertex -1.7763011956582073 -2.1644292694156633 10.8
      vertex -1.9798989873223332 -1.9798989873223332 10.8
    endloop
  endfacet
  facet normal -0.7409511253549599 -0.6715589548470174 0
    outer loop
      vertex -1.9798989873223332 -1.9798989873223332 0
      vertex -1.9798989873223332 -1.9798989873223332 10.8
      vertex -2.1644292694156633 -1.7763011956582073 10.8
    endloop
  endfacet
  facet normal -0.8577286100002719 -0.5141027441932221 0
    outer loop
      vertex -2.3281149144471267 -1.555596652454886 0
      vertex -2.3281149144471267 -1.555596652454886 10.8
      vertex -2.469379540175394 -1.3199108631127934 10.8
    endloop
  endfacet
  facet normal -0.8032075314806445 -0.5956993044924338 0
    outer loop
      vertex -2.1644292694156633 -1.7763011956582073 0
      vertex -2.1644292694156633 -1.7763011956582073 10.8
      vertex -2.3281149144471267 -1.555596652454886 10.8
    endloop
  endfacet
  facet normal -0.24298017990326382 -0.9700312531945441 0
    outer loop
      vertex -0.8127970963124945 -2.6794329400501846 0
      vertex -0.546252901645159 -2.746198785129045 10.8
      vertex -0.8127970963124945 -2.6794329400501846 10.8
    endloop
  endfacet
  facet normal -0.14673047445536302 -0.9891765099647808 0
    outer loop
      vertex -0.546252901645159 -2.746198785129045 0
      vertex -0.27444799292276967 -2.7865172346821514 10.8
      vertex -0.546252901645159 -2.746198785129045 10.8
    endloop
  endfacet
  facet normal -0.04906767432741694 -0.9987954562051724 0
    outer loop
      vertex -0.27444799292276967 -2.7865172346821514 0
      vertex 0 -2.8 10.8
      vertex -0.27444799292276967 -2.7865172346821514 10.8
    endloop
  endfacet
  facet normal 0.04906767432741694 -0.9987954562051724 0
    outer loop
      vertex 0 -2.8 0
      vertex 0.27444799292276967 -2.7865172346821514 10.8
      vertex 0 -2.8 10.8
    endloop
  endfacet
  facet normal 0.14673047445536302 -0.9891765099647808 0
    outer loop
      vertex 0.27444799292276967 -2.7865172346821514 0
      vertex 0.546252901645159 -2.746198785129045 10.8
      vertex 0.27444799292276967 -2.7865172346821514 10.8
    endloop
  endfacet
  facet normal 0.24298017990326382 -0.9700312531945441 0
    outer loop
      vertex 0.546252901645159 -2.746198785129045 0
      vertex 0.8127970963124945 -2.6794329400501846 10.8
      vertex 0.546252901645159 -2.746198785129045 10.8
    endloop
  endfacet
  facet normal 0 0 1
    outer loop
      vertex -1.3199108631127934 -2.469379540175394 10.8
      vertex -1.0715136106222514 -2.5868626910316026 10.8
      vertex -1.2020815280171309 -1.2020815280171309 10.8
    endloop
  endfacet
  facet normal 0 0 1
    outer loop
      vertex -1.555596652454886 -2.3281149144471267 10.8
      vertex -1.3199108631127934 -2.469379540175394 10.8
      vertex -1.413498340914327 -0.9444693961333237 10.8
    endloop
  endfacet
  facet normal 0 0 1
    outer loop
      vertex -1.0715136106222514 -2.5868626910316026 10.8
      vertex -0.9444693961333237 -1.413498340914327 10.8
      vertex -1.0784685830781973 -1.314117770716653 10.8
    endloop
  endfacet
  facet normal 0 0 1
    outer loop
      vertex -1.7763011956582073 -2.1644292694156633 10.8
      vertex -1.555596652454886 -2.3281149144471267 10.8
      vertex -1.6673349766854917 -0.33165354742741804 10.8
    endloop
  endfacet
  facet normal 0 0 1
    outer loop
      vertex -1.3199108631127934 -2.469379540175394 10.8
      vertex -1.2020815280171309 -1.2020815280171309 10.8
      vertex -1.314117770716653 -1.0784685830781973 10.8
    endloop
  endfacet
  facet normal 0 0 1
    outer loop
      vertex -1.0715136106222514 -2.5868626910316026 10.8
      vertex -1.0784685830781973 -1.314117770716653 10.8
      vertex -1.2020815280171309 -1.2020815280171309 10.8
    endloop
  endfacet
  facet normal 0 0 1
    outer loop
      vertex -1.3199108631127934 -2.469379540175394 10.8
      vertex -1.314117770716653 -1.0784685830781973 10.8
      vertex -1.413498340914327 -0.9444693961333237 10.8
    endloop
  endfacet
  facet normal 0 0 1
    outer loop
      vertex -0.8127970963124945 -2.6794329400501846 10.8
      vertex -0.546252901645159 -2.746198785129045 10.8
      vertex -0.6505618350206526 -1.5705952052691874 10.8
    endloop
  endfacet
  facet normal 0 0 1
    outer loop
      vertex -1.0715136106222514 -2.5868626910316026 10.8
      vertex -0.8127970963124945 -2.6794329400501846 10.8
      vertex -0.9444693961333237 -1.413498340914327 10.8
    endloop
  endfacet
  facet normal 0 0 1
    outer loop
      vertex -0.546252901645159 -2.746198785129045 10.8
      vertex -0.27444799292276967 -2.7865172346821514 10.8
      vertex -0.33165354742741804 -1.6673349766854917 10.8
    endloop
  endfacet
  facet normal 0 0 1
    outer loop
      vertex -0.27444799292276967 -2.7865172346821514 10.8
      vertex 0 -2.8 10.8
      vertex -0.16662913856025302 -1.6918140353427347 10.8
    endloop
  endfacet
  facet normal 0 0 1
    outer loop
      vertex 0 -2.8 10.8
      vertex 0.27444799292276967 -2.7865172346821514 10.8
      vertex 0.16662913856025302 -1.6918140353427347 10.8
    endloop
  endfacet
  facet normal 0 0 1
    outer loop
      vertex 0.27444799292276967 -2.7865172346821514 10.8
      vertex 0.546252901645159 -2.746198785129045 10.8
      vertex 0.16662913856025302 -1.6918140353427347 10.8
    endloop
  endfacet
  facet normal 0 0 1
    outer loop
      vertex 0.546252901645159 -2.746198785129045 10.8
      vertex 0.8127970963124945 -2.6794329400501846 10.8
      vertex 0.49348395133258594 -1.626798570744755 10.8
    endloop
  endfacet
  facet normal 0 0 1
    outer loop
      vertex -0.546252901645159 -2.746198785129045 10.8
      vertex -0.49348395133258594 -1.626798570744755 10.8
      vertex -0.6505618350206526 -1.5705952052691874 10.8
    endloop
  endfacet
  facet normal 0 0 1
    outer loop
      vertex -0.8127970963124945 -2.6794329400501846 10.8
      vertex -0.6505618350206526 -1.5705952052691874 10.8
      vertex -0.8013744526041959 -1.4992661493922035 10.8
    endloop
  endfacet
  facet normal 0 0 1
    outer loop
      vertex -0.8127970963124945 -2.6794329400501846 10.8
      vertex -0.8013744526041959 -1.4992661493922035 10.8
      vertex -0.9444693961333237 -1.413498340914327 10.8
    endloop
  endfacet
  facet normal 0 0 1
    outer loop
      vertex -0.546252901645159 -2.746198785129045 10.8
      vertex -0.33165354742741804 -1.6673349766854917 10.8
      vertex -0.49348395133258594 -1.626798570744755 10.8
    endloop
  endfacet
  facet normal 0 0 1
    outer loop
      vertex -0.27444799292276967 -2.7865172346821514 10.8
      vertex -0.16662913856025302 -1.6918140353427347 10.8
      vertex -0.33165354742741804 -1.6673349766854917 10.8
    endloop
  endfacet
  facet normal 0 0 1
    outer loop
      vertex 0 -2.8 10.8
      vertex 0 -1.7 10.8
      vertex -0.16662913856025302 -1.6918140353427347 10.8
    endloop
  endfacet
  facet normal 0 0 1
    outer loop
      vertex 0 -2.8 10.8
      vertex 0.16662913856025302 -1.6918140353427347 10.8
      vertex 0 -1.7 10.8
    endloop
  endfacet
  facet normal 0 0 1
    outer loop
      vertex 0.546252901645159 -2.746198785129045 10.8
      vertex 0.33165354742741804 -1.6673349766854917 10.8
      vertex 0.16662913856025302 -1.6918140353427347 10.8
    endloop
  endfacet
  facet normal 0 0 1
    outer loop
      vertex 0.546252901645159 -2.746198785129045 10.8
      vertex 0.49348395133258594 -1.626798570744755 10.8
      vertex 0.33165354742741804 -1.6673349766854917 10.8
    endloop
  endfacet
  facet normal 0 0 1
    outer loop
      vertex 0.8127970963124945 -2.6794329400501846 10.8
      vertex 0.6505618350206526 -1.5705952052691874 10.8
      vertex 0.49348395133258594 -1.626798570744755 10.8
    endloop
  endfacet
  facet normal 0 0 1
    outer loop
      vertex 0.8127970963124945 -2.6794329400501846 10.8
      vertex 0.8013744526041959 -1.4992661493922035 10.8
      vertex 0.6505618350206526 -1.5705952052691874 10.8
    endloop
  endfacet
  facet normal -0.903989293123444 -0.427555093430281 0
    outer loop
      vertex -2.469379540175394 -1.3199108631127934 0
      vertex -2.469379540175394 -1.3199108631127934 10.8
      vertex -2.5868626910316026 -1.0715136106222514 10.8
    endloop
  endfacet
  facet normal -0.9415440651830207 -0.3368898533922203 0
    outer loop
      vertex -2.5868626910316026 -1.0715136106222514 0
      vertex -2.5868626910316026 -1.0715136106222514 10.8
      vertex -2.6794329400501846 -0.8127970963124945 10.8
    endloop
  endfacet
  facet normal -0.9700312531945441 -0.24298017990326382 0
    outer loop
      vertex -2.6794329400501846 -0.8127970963124945 0
      vertex -2.6794329400501846 -0.8127970963124945 10.8
      vertex -2.746198785129045 -0.546252901645159 10.8
    endloop
  endfacet
  facet normal -0.9891765099647808 -0.14673047445536302 0
    outer loop
      vertex -2.746198785129045 -0.546252901645159 0
      vertex -2.746198785129045 -0.546252901645159 10.8
      vertex -2.7865172346821514 -0.27444799292276967 10.8
    endloop
  endfacet
  facet normal -0.9987954562051724 -0.04906767432741694 0
    outer loop
      vertex -2.7865172346821514 -0.27444799292276967 0
      vertex -2.7865172346821514 -0.27444799292276967 10.8
      vertex -2.8 0 10.8
    endloop
  endfacet
  facet normal 0 0 1
    outer loop
      vertex -1.7763011956582073 -2.1644292694156633 10.8
      vertex -1.9798989873223332 1.9798989873223332 10.8
      vertex -1.9798989873223332 -1.9798989873223332 10.8
    endloop
  endfacet
  facet normal 0 0 1
    outer loop
      vertex -1.555596652454886 -2.3281149144471267 10.8
      vertex -1.413498340914327 -0.9444693961333237 10.8
      vertex -1.4992661493922035 -0.8013744526041959 10.8
    endloop
  endfacet
  facet normal 0 0 1
    outer loop
      vertex -1.555596652454886 -2.3281149144471267 10.8
      vertex -1.4992661493922035 -0.8013744526041959 10.8
      vertex -1.5705952052691874 -0.6505618350206526 10.8
    endloop
  endfacet
  facet normal 0 0 1
    outer loop
      vertex -1.555596652454886 -2.3281149144471267 10.8
      vertex -1.5705952052691874 -0.6505618350206526 10.8
      vertex -1.626798570744755 -0.49348395133258594 10.8
    endloop
  endfacet
  facet normal 0 0 1
    outer loop
      vertex -1.555596652454886 -2.3281149144471267 10.8
      vertex -1.626798570744755 -0.49348395133258594 10.8
      vertex -1.6673349766854917 -0.33165354742741804 10.8
    endloop
  endfacet
  facet normal 0 0 1
    outer loop
      vertex -1.7763011956582073 -2.1644292694156633 10.8
      vertex -1.6673349766854917 -0.33165354742741804 10.8
      vertex -1.6918140353427347 -0.16662913856025302 10.8
    endloop
  endfacet
  facet normal 0 0 1
    outer loop
      vertex -1.7763011956582073 -2.1644292694156633 10.8
      vertex -1.6918140353427347 -0.16662913856025302 10.8
      vertex -1.7 0 10.8
    endloop
  endfacet
  facet normal 0 0 1
    outer loop
      vertex -2.5868626910316026 -1.0715136106222514 10.8
      vertex -2.6794329400501846 0.8127970963124945 10.8
      vertex -2.6794329400501846 -0.8127970963124945 10.8
    endloop
  endfacet
  facet normal 0 0 1
    outer loop
      vertex -2.469379540175394 -1.3199108631127934 10.8
      vertex -2.5868626910316026 1.0715136106222514 10.8
      vertex -2.5868626910316026 -1.0715136106222514 10.8
    endloop
  endfacet
  facet normal 0 0 1
    outer loop
      vertex -2.3281149144471267 -1.555596652454886 10.8
      vertex -2.469379540175394 1.3199108631127934 10.8
      vertex -2.469379540175394 -1.3199108631127934 10.8
    endloop
  endfacet
  facet normal 0 0 1
    outer loop
      vertex -2.1644292694156633 -1.7763011956582073 10.8
      vertex -2.3281149144471267 1.555596652454886 10.8
      vertex -2.3281149144471267 -1.555596652454886 10.8
    endloop
  endfacet
  facet normal 0 0 1
    outer loop
      vertex -2.1644292694156633 -1.7763011956582073 10.8
      vertex -1.9798989873223332 -1.9798989873223332 10.8
      vertex -2.1644292694156633 1.7763011956582073 10.8
    endloop
  endfacet
  facet normal 0 0 1
    outer loop
      vertex -2.6794329400501846 -0.8127970963124945 10.8
      vertex -2.746198785129045 0.546252901645159 10.8
      vertex -2.746198785129045 -0.546252901645159 10.8
    endloop
  endfacet
  facet normal 0 0 1
    outer loop
      vertex -2.746198785129045 -0.546252901645159 10.8
      vertex -2.7865172346821514 0.27444799292276967 10.8
      vertex -2.7865172346821514 -0.27444799292276967 10.8
    endloop
  endfacet
  facet normal 0.3368898533922203 -0.9415440651830207 0
    outer loop
      vertex 0.8127970963124945 -2.6794329400501846 0
      vertex 1.0715136106222514 -2.5868626910316026 10.8
      vertex 0.8127970963124945 -2.6794329400501846 10.8
    endloop
  endfacet
  facet normal 0.427555093430281 -0.903989293123444 0
    outer loop
      vertex 1.0715136106222514 -2.5868626910316026 0
      vertex 1.3199108631127934 -2.469379540175394 10.8
      vertex 1.0715136106222514 -2.5868626910316026 10.8
    endloop
  endfacet
  facet normal 0.5141027441932221 -0.8577286100002719 0
    outer loop
      vertex 1.3199108631127934 -2.469379540175394 0
      vertex 1.555596652454886 -2.3281149144471267 10.8
      vertex 1.3199108631127934 -2.469379540175394 10.8
    endloop
  endfacet
  facet normal 0.5956993044924338 -0.8032075314806445 0
    outer loop
      vertex 1.555596652454886 -2.3281149144471267 0
      vertex 1.7763011956582073 -2.1644292694156633 10.8
      vertex 1.555596652454886 -2.3281149144471267 10.8
    endloop
  endfacet
  facet normal 0.6715589548470174 -0.7409511253549599 0
    outer loop
      vertex 1.7763011956582073 -2.1644292694156633 0
      vertex 1.9798989873223332 -1.9798989873223332 10.8
      vertex 1.7763011956582073 -2.1644292694156633 10.8
    endloop
  endfacet
  facet normal 0.7409511253549599 -0.6715589548470174 0
    outer loop
      vertex 2.1644292694156633 -1.7763011956582073 0
      vertex 2.1644292694156633 -1.7763011956582073 10.8
      vertex 1.9798989873223332 -1.9798989873223332 10.8
    endloop
  endfacet
  facet normal 0.8032075314806445 -0.5956993044924338 0
    outer loop
      vertex 2.3281149144471267 -1.555596652454886 0
      vertex 2.3281149144471267 -1.555596652454886 10.8
      vertex 2.1644292694156633 -1.7763011956582073 10.8
    endloop
  endfacet
  facet normal 0 0 1
    outer loop
      vertex 0.8127970963124945 -2.6794329400501846 10.8
      vertex 1.0715136106222514 -2.5868626910316026 10.8
      vertex 0.8013744526041959 -1.4992661493922035 10.8
    endloop
  endfacet
  facet normal 0 0 1
    outer loop
      vertex 1.0715136106222514 -2.5868626910316026 10.8
      vertex 1.3199108631127934 -2.469379540175394 10.8
      vertex 0.9444693961333237 -1.413498340914327 10.8
    endloop
  endfacet
  facet normal 0 0 1
    outer loop
      vertex 1.0715136106222514 -2.5868626910316026 10.8
      vertex 0.9444693961333237 -1.413498340914327 10.8
      vertex 0.8013744526041959 -1.4992661493922035 10.8
    endloop
  endfacet
  facet normal 0 0 1
    outer loop
      vertex 1.3199108631127934 -2.469379540175394 10.8
      vertex 1.555596652454886 -2.3281149144471267 10.8
      vertex 1.314117770716653 -1.0784685830781973 10.8
    endloop
  endfacet
  facet normal 0 0 1
    outer loop
      vertex 1.555596652454886 -2.3281149144471267 10.8
      vertex 1.7763011956582073 -2.1644292694156633 10.8
      vertex 1.4992661493922035 -0.8013744526041959 10.8
    endloop
  endfacet
  facet normal 0 0 1
    outer loop
      vertex 1.3199108631127934 -2.469379540175394 10.8
      vertex 1.0784685830781973 -1.314117770716653 10.8
      vertex 0.9444693961333237 -1.413498340914327 10.8
    endloop
  endfacet
  facet normal 0 0 1
    outer loop
      vertex 1.3199108631127934 -2.469379540175394 10.8
      vertex 1.2020815280171309 -1.2020815280171309 10.8
      vertex 1.0784685830781973 -1.314117770716653 10.8
    endloop
  endfacet
  facet normal 0 0 1
    outer loop
      vertex 1.3199108631127934 -2.469379540175394 10.8
      vertex 1.314117770716653 -1.0784685830781973 10.8
      vertex 1.2020815280171309 -1.2020815280171309 10.8
    endloop
  endfacet
  facet normal 0 0 1
    outer loop
      vertex 1.555596652454886 -2.3281149144471267 10.8
      vertex 1.413498340914327 -0.9444693961333237 10.8
      vertex 1.314117770716653 -1.0784685830781973 10.8
    endloop
  endfacet
  facet normal 0.8577286100002719 -0.5141027441932221 0
    outer loop
      vertex 2.469379540175394 -1.3199108631127934 0
      vertex 2.469379540175394 -1.3199108631127934 10.8
      vertex 2.3281149144471267 -1.555596652454886 10.8
    endloop
  endfacet
  facet normal 0.903989293123444 -0.427555093430281 0
    outer loop
      vertex 2.5868626910316026 -1.0715136106222514 0
      vertex 2.5868626910316026 -1.0715136106222514 10.8
      vertex 2.469379540175394 -1.3199108631127934 10.8
    endloop
  endfacet
  facet normal 0.9415440651830207 -0.3368898533922203 0
    outer loop
      vertex 2.6794329400501846 -0.8127970963124945 0
      vertex 2.6794329400501846 -0.8127970963124945 10.8
      vertex 2.5868626910316026 -1.0715136106222514 10.8
    endloop
  endfacet
  facet normal 0.9700312531945441 -0.24298017990326382 0
    outer loop
      vertex 2.746198785129045 -0.546252901645159 0
      vertex 2.746198785129045 -0.546252901645159 10.8
      vertex 2.6794329400501846 -0.8127970963124945 10.8
    endloop
  endfacet
  facet normal 0.9891765099647808 -0.14673047445536302 0
    outer loop
      vertex 2.7865172346821514 -0.27444799292276967 0
      vertex 2.7865172346821514 -0.27444799292276967 10.8
      vertex 2.746198785129045 -0.546252901645159 10.8
    endloop
  endfacet
  facet normal 0.9987954562051724 -0.04906767432741694 0
    outer loop
      vertex 2.7865172346821514 -0.27444799292276967 10.8
      vertex 2.8 0 0
      vertex 2.8 0 10.8
    endloop
  endfacet
  facet normal 0 0 1
    outer loop
      vertex 1.555596652454886 -2.3281149144471267 10.8
      vertex 1.4992661493922035 -0.8013744526041959 10.8
      vertex 1.413498340914327 -0.9444693961333237 10.8
    endloop
  endfacet
  facet normal 0 0 1
    outer loop
      vertex 1.7763011956582073 -2.1644292694156633 10.8
      vertex 1.5705952052691874 -0.6505618350206526 10.8
      vertex 1.4992661493922035 -0.8013744526041959 10.8
    endloop
  endfacet
  facet normal 0 0 1
    outer loop
      vertex 1.7763011956582073 -2.1644292694156633 10.8
      vertex 1.626798570744755 -0.49348395133258594 10.8
      vertex 1.5705952052691874 -0.6505618350206526 10.8
    endloop
  endfacet
  facet normal 0 0 1
    outer loop
      vertex 1.7763011956582073 -2.1644292694156633 10.8
      vertex 1.6673349766854917 -0.33165354742741804 10.8
      vertex 1.626798570744755 -0.49348395133258594 10.8
    endloop
  endfacet
  facet normal 0 0 1
    outer loop
      vertex 1.7763011956582073 -2.1644292694156633 10.8
      vertex 1.6918140353427347 -0.16662913856025302 10.8
      vertex 1.6673349766854917 -0.33165354742741804 10.8
    endloop
  endfacet
  facet normal 0 0 1
    outer loop
      vertex 1.7763011956582073 -2.1644292694156633 10.8
      vertex 1.7 0 10.8
      vertex 1.6918140353427347 -0.16662913856025302 10.8
    endloop
  endfacet
  facet normal 0 0 1
    outer loop
      vertex 1.7763011956582073 -2.1644292694156633 10.8
      vertex 1.9798989873223332 -1.9798989873223332 10.8
      vertex 1.7763011956582073 2.1644292694156633 10.8
    endloop
  endfacet
  facet normal 0 0 1
    outer loop
      vertex 1.9798989873223332 -1.9798989873223332 10.8
      vertex 2.1644292694156633 -1.7763011956582073 10.8
      vertex 1.9798989873223332 1.9798989873223332 10.8
    endloop
  endfacet
  facet normal 0 0 1
    outer loop
      vertex 2.1644292694156633 -1.7763011956582073 10.8
      vertex 2.3281149144471267 -1.555596652454886 10.8
      vertex 2.1644292694156633 1.7763011956582073 10.8
    endloop
  endfacet
  facet normal 0 0 1
    outer loop
      vertex 2.3281149144471267 -1.555596652454886 10.8
      vertex 2.469379540175394 -1.3199108631127934 10.8
      vertex 2.3281149144471267 1.555596652454886 10.8
    endloop
  endfacet
  facet normal 0 0 1
    outer loop
      vertex 2.469379540175394 -1.3199108631127934 10.8
      vertex 2.5868626910316026 -1.0715136106222514 10.8
      vertex 2.469379540175394 1.3199108631127934 10.8
    endloop
  endfacet
  facet normal 0 0 1
    outer loop
      vertex 2.5868626910316026 -1.0715136106222514 10.8
      vertex 2.6794329400501846 -0.8127970963124945 10.8
      vertex 2.5868626910316026 1.0715136106222514 10.8
    endloop
  endfacet
  facet normal 0 0 1
    outer loop
      vertex 2.6794329400501846 -0.8127970963124945 10.8
      vertex 2.746198785129045 -0.546252901645159 10.8
      vertex 2.6794329400501846 0.8127970963124945 10.8
    endloop
  endfacet
  facet normal 0 0 1
    outer loop
      vertex 2.746198785129045 -0.546252901645159 10.8
      vertex 2.7865172346821514 -0.27444799292276967 10.8
      vertex 2.746198785129045 0.546252901645159 10.8
    endloop
  endfacet
  facet normal 0 0 -1
    outer loop
      vertex -2.7865172346821514 -0.27444799292276967 0
      vertex -2.8 0 0
      vertex -2.7865172346821514 0.27444799292276967 0
    endloop
  endfacet
  facet normal 0 0 -1
    outer loop
      vertex -2.7865172346821514 -0.27444799292276967 0
      vertex -2.7865172346821514 0.27444799292276967 0
      vertex -2.746198785129045 0.546252901645159 0
    endloop
  endfacet
  facet normal 0 0 -1
    outer loop
      vertex -2.746198785129045 -0.546252901645159 0
      vertex -2.746198785129045 0.546252901645159 0
      vertex -2.6794329400501846 0.8127970963124945 0
    endloop
  endfacet
  facet normal 0 0 -1
    outer loop
      vertex -2.6794329400501846 -0.8127970963124945 0
      vertex -2.6794329400501846 0.8127970963124945 0
      vertex -2.5868626910316026 1.0715136106222514 0
    endloop
  endfacet
  facet normal 0 0 -1
    outer loop
      vertex -2.5868626910316026 -1.0715136106222514 0
      vertex -2.5868626910316026 1.0715136106222514 0
      vertex -2.469379540175394 1.3199108631127934 0
    endloop
  endfacet
  facet normal 0 0 -1
    outer loop
      vertex -2.469379540175394 -1.3199108631127934 0
      vertex -2.469379540175394 1.3199108631127934 0
      vertex -2.3281149144471267 1.555596652454886 0
    endloop
  endfacet
  facet normal 0 0 -1
    outer loop
      vertex -2.3281149144471267 -1.555596652454886 0
      vertex -2.3281149144471267 1.555596652454886 0
      vertex -2.1644292694156633 1.7763011956582073 0
    endloop
  endfacet
  facet normal 0 0 -1
    outer loop
      vertex -2.1644292694156633 -1.7763011956582073 0
      vertex -2.1644292694156633 1.7763011956582073 0
      vertex -1.9798989873223332 1.9798989873223332 0
    endloop
  endfacet
  facet normal 0 0 -1
    outer loop
      vertex -1.7763011956582073 -2.1644292694156633 0
      vertex -1.7763011956582073 2.1644292694156633 0
      vertex -1.7 0 0
    endloop
  endfacet
  facet normal 0 0 -1
    outer loop
      vertex -1.9798989873223332 -1.9798989873223332 0
      vertex -1.9798989873223332 1.9798989873223332 0
      vertex -1.7763011956582073 2.1644292694156633 0
    endloop
  endfacet
  facet normal 0 0 -1
    outer loop
      vertex -1.7763011956582073 2.1644292694156633 0
      vertex -1.6918140353427347 0.16662913856025302 0
      vertex -1.7 0 0
    endloop
  endfacet
  facet normal 0 0 -1
    outer loop
      vertex -1.7763011956582073 2.1644292694156633 0
      vertex -1.6673349766854917 0.33165354742741804 0
      vertex -1.6918140353427347 0.16662913856025302 0
    endloop
  endfacet
  facet normal 0 0 -1
    outer loop
      vertex -1.555596652454886 2.3281149144471267 0
      vertex -1.626798570744755 0.49348395133258594 0
      vertex -1.6673349766854917 0.33165354742741804 0
    endloop
  endfacet
  facet normal 0 0 -1
    outer loop
      vertex -1.555596652454886 2.3281149144471267 0
      vertex -1.5705952052691874 0.6505618350206526 0
      vertex -1.626798570744755 0.49348395133258594 0
    endloop
  endfacet
  facet normal 0 0 -1
    outer loop
      vertex -1.555596652454886 2.3281149144471267 0
      vertex -1.4992661493922035 0.8013744526041959 0
      vertex -1.5705952052691874 0.6505618350206526 0
    endloop
  endfacet
  facet normal 0 0 -1
    outer loop
      vertex -1.555596652454886 2.3281149144471267 0
      vertex -1.413498340914327 0.9444693961333237 0
      vertex -1.4992661493922035 0.8013744526041959 0
    endloop
  endfacet
  facet normal -0.9987954562051724 0.04906767432741694 0
    outer loop
      vertex -2.8 0 0
      vertex -2.7865172346821514 0.27444799292276967 10.8
      vertex -2.7865172346821514 0.27444799292276967 0
    endloop
  endfacet
  facet normal -0.9891765099647808 0.14673047445536302 0
    outer loop
      vertex -2.7865172346821514 0.27444799292276967 0
      vertex -2.746198785129045 0.546252901645159 10.8
      vertex -2.746198785129045 0.546252901645159 0
    endloop
  endfacet
  facet normal -0.9700312531945441 0.24298017990326382 0
    outer loop
      vertex -2.746198785129045 0.546252901645159 0
      vertex -2.6794329400501846 0.8127970963124945 10.8
      vertex -2.6794329400501846 0.8127970963124945 0
    endloop
  endfacet
  facet normal -0.9415440651830207 0.3368898533922203 0
    outer loop
      vertex -2.6794329400501846 0.8127970963124945 0
      vertex -2.5868626910316026 1.0715136106222514 10.8
      vertex -2.5868626910316026 1.0715136106222514 0
    endloop
  endfacet
  facet normal -0.903989293123444 0.427555093430281 0
    outer loop
      vertex -2.5868626910316026 1.0715136106222514 0
      vertex -2.469379540175394 1.3199108631127934 10.8
      vertex -2.469379540175394 1.3199108631127934 0
    endloop
  endfacet
  facet normal 0 0 -1
    outer loop
      vertex -1.7763011956582073 2.1644292694156633 0
      vertex -1.555596652454886 2.3281149144471267 0
      vertex -1.6673349766854917 0.33165354742741804 0
    endloop
  endfacet
  facet normal 0 0 -1
    outer loop
      vertex -1.3199108631127934 2.469379540175394 0
      vertex -1.314117770716653 1.0784685830781973 0
      vertex -1.413498340914327 0.9444693961333237 0
    endloop
  endfacet
  facet normal 0 0 -1
    outer loop
      vertex -1.3199108631127934 2.469379540175394 0
      vertex -1.2020815280171309 1.2020815280171309 0
      vertex -1.314117770716653 1.0784685830781973 0
    endloop
  endfacet
  facet normal 0 0 -1
    outer loop
      vertex -1.0715136106222514 2.5868626910316026 0
      vertex -1.0784685830781973 1.314117770716653 0
      vertex -1.2020815280171309 1.2020815280171309 0
    endloop
  endfacet
  facet normal 0 0 -1
    outer loop
      vertex -1.555596652454886 2.3281149144471267 0
      vertex -1.3199108631127934 2.469379540175394 0
      vertex -1.413498340914327 0.9444693961333237 0
    endloop
  endfacet
  facet normal 0 0 -1
    outer loop
      vertex -1.0715136106222514 2.5868626910316026 0
      vertex -0.9444693961333237 1.413498340914327 0
      vertex -1.0784685830781973 1.314117770716653 0
    endloop
  endfacet
  facet normal 0 0 -1
    outer loop
      vertex -1.3199108631127934 2.469379540175394 0
      vertex -1.0715136106222514 2.5868626910316026 0
      vertex -1.2020815280171309 1.2020815280171309 0
    endloop
  endfacet
  facet normal 0 0 -1
    outer loop
      vertex -0.8127970963124945 2.6794329400501846 0
      vertex -0.8013744526041959 1.4992661493922035 0
      vertex -0.9444693961333237 1.413498340914327 0
    endloop
  endfacet
  facet normal 0 0 -1
    outer loop
      vertex -0.8127970963124945 2.6794329400501846 0
      vertex -0.6505618350206526 1.5705952052691874 0
      vertex -0.8013744526041959 1.4992661493922035 0
    endloop
  endfacet
  facet normal 0 0 -1
    outer loop
      vertex -0.546252901645159 2.746198785129045 0
      vertex -0.49348395133258594 1.626798570744755 0
      vertex -0.6505618350206526 1.5705952052691874 0
    endloop
  endfacet
  facet normal 0 0 -1
    outer loop
      vertex -0.546252901645159 2.746198785129045 0
      vertex -0.33165354742741804 1.6673349766854917 0
      vertex -0.49348395133258594 1.626798570744755 0
    endloop
  endfacet
  facet normal 0 0 -1
    outer loop
      vertex -0.27444799292276967 2.7865172346821514 0
      vertex -0.16662913856025302 1.6918140353427347 0
      vertex -0.33165354742741804 1.6673349766854917 0
    endloop
  endfacet
  facet normal 0 0 -1
    outer loop
      vertex 0 2.8 0
      vertex 0 1.7 0
      vertex -0.16662913856025302 1.6918140353427347 0
    endloop
  endfacet
  facet normal 0 0 -1
    outer loop
      vertex 0 2.8 0
      vertex 0.16662913856025302 1.6918140353427347 0
      vertex 0 1.7 0
    endloop
  endfacet
  facet normal 0 0 -1
    outer loop
      vertex 0.546252901645159 2.746198785129045 0
      vertex 0.33165354742741804 1.6673349766854917 0
      vertex 0.16662913856025302 1.6918140353427347 0
    endloop
  endfacet
  facet normal 0 0 -1
    outer loop
      vertex 0.8127970963124945 2.6794329400501846 0
      vertex 0.8013744526041959 1.4992661493922035 0
      vertex 0.6505618350206526 1.5705952052691874 0
    endloop
  endfacet
  facet normal 0 0 -1
    outer loop
      vertex 0.546252901645159 2.746198785129045 0
      vertex 0.49348395133258594 1.626798570744755 0
      vertex 0.33165354742741804 1.6673349766854917 0
    endloop
  endfacet
  facet normal 0 0 -1
    outer loop
      vertex 0.8127970963124945 2.6794329400501846 0
      vertex 0.6505618350206526 1.5705952052691874 0
      vertex 0.49348395133258594 1.626798570744755 0
    endloop
  endfacet
  facet normal 0 0 -1
    outer loop
      vertex -1.0715136106222514 2.5868626910316026 0
      vertex -0.8127970963124945 2.6794329400501846 0
      vertex -0.9444693961333237 1.413498340914327 0
    endloop
  endfacet
  facet normal 0 0 -1
    outer loop
      vertex -0.8127970963124945 2.6794329400501846 0
      vertex -0.546252901645159 2.746198785129045 0
      vertex -0.6505618350206526 1.5705952052691874 0
    endloop
  endfacet
  facet normal 0 0 -1
    outer loop
      vertex -0.546252901645159 2.746198785129045 0
      vertex -0.27444799292276967 2.7865172346821514 0
      vertex -0.33165354742741804 1.6673349766854917 0
    endloop
  endfacet
  facet normal 0 0 -1
    outer loop
      vertex -0.27444799292276967 2.7865172346821514 0
      vertex 0 2.8 0
      vertex -0.16662913856025302 1.6918140353427347 0
    endloop
  endfacet
  facet normal 0 0 -1
    outer loop
      vertex 0 2.8 0
      vertex 0.27444799292276967 2.7865172346821514 0
      vertex 0.16662913856025302 1.6918140353427347 0
    endloop
  endfacet
  facet normal 0 0 -1
    outer loop
      vertex 0.27444799292276967 2.7865172346821514 0
      vertex 0.546252901645159 2.746198785129045 0
      vertex 0.16662913856025302 1.6918140353427347 0
    endloop
  endfacet
  facet normal 0 0 -1
    outer loop
      vertex 0.546252901645159 2.746198785129045 0
      vertex 0.8127970963124945 2.6794329400501846 0
      vertex 0.49348395133258594 1.626798570744755 0
    endloop
  endfacet
  facet normal -0.8577286100002719 0.5141027441932221 0
    outer loop
      vertex -2.469379540175394 1.3199108631127934 0
      vertex -2.3281149144471267 1.555596652454886 10.8
      vertex -2.3281149144471267 1.555596652454886 0
    endloop
  endfacet
  facet normal -0.8032075314806445 0.5956993044924338 0
    outer loop
      vertex -2.3281149144471267 1.555596652454886 0
      vertex -2.1644292694156633 1.7763011956582073 10.8
      vertex -2.1644292694156633 1.7763011956582073 0
    endloop
  endfacet
  facet normal -0.7409511253549599 0.6715589548470174 0
    outer loop
      vertex -2.1644292694156633 1.7763011956582073 0
      vertex -1.9798989873223332 1.9798989873223332 10.8
      vertex -1.9798989873223332 1.9798989873223332 0
    endloop
  endfacet
  facet normal -0.6715589548470174 0.7409511253549599 0
    outer loop
      vertex -1.9798989873223332 1.9798989873223332 0
      vertex -1.9798989873223332 1.9798989873223332 10.8
      vertex -1.7763011956582073 2.1644292694156633 0
    endloop
  endfacet
  facet normal -0.5956993044924338 0.8032075314806445 0
    outer loop
      vertex -1.7763011956582073 2.1644292694156633 0
      vertex -1.7763011956582073 2.1644292694156633 10.8
      vertex -1.555596652454886 2.3281149144471267 0
    endloop
  endfacet
  facet normal -0.5141027441932221 0.8577286100002719 0
    outer loop
      vertex -1.555596652454886 2.3281149144471267 0
      vertex -1.555596652454886 2.3281149144471267 10.8
      vertex -1.3199108631127934 2.469379540175394 0
    endloop
  endfacet
  facet normal -0.427555093430281 0.903989293123444 0
    outer loop
      vertex -1.3199108631127934 2.469379540175394 0
      vertex -1.3199108631127934 2.469379540175394 10.8
      vertex -1.0715136106222514 2.5868626910316026 0
    endloop
  endfacet
  facet normal -0.3368898533922203 0.9415440651830207 0
    outer loop
      vertex -1.0715136106222514 2.5868626910316026 0
      vertex -1.0715136106222514 2.5868626910316026 10.8
      vertex -0.8127970963124945 2.6794329400501846 0
    endloop
  endfacet
  facet normal -0.24298017990326382 0.9700312531945441 0
    outer loop
      vertex -0.8127970963124945 2.6794329400501846 0
      vertex -0.8127970963124945 2.6794329400501846 10.8
      vertex -0.546252901645159 2.746198785129045 0
    endloop
  endfacet
  facet normal -0.14673047445536302 0.9891765099647808 0
    outer loop
      vertex -0.546252901645159 2.746198785129045 0
      vertex -0.546252901645159 2.746198785129045 10.8
      vertex -0.27444799292276967 2.7865172346821514 0
    endloop
  endfacet
  facet normal -0.04906767432741694 0.9987954562051724 0
    outer loop
      vertex -0.27444799292276967 2.7865172346821514 0
      vertex -0.27444799292276967 2.7865172346821514 10.8
      vertex 0 2.8 0
    endloop
  endfacet
  facet normal 0.04906767432741694 0.9987954562051724 0
    outer loop
      vertex 0 2.8 0
      vertex 0 2.8 10.8
      vertex 0.27444799292276967 2.7865172346821514 0
    endloop
  endfacet
  facet normal 0.14673047445536302 0.9891765099647808 0
    outer loop
      vertex 0.27444799292276967 2.7865172346821514 0
      vertex 0.27444799292276967 2.7865172346821514 10.8
      vertex 0.546252901645159 2.746198785129045 0
    endloop
  endfacet
  facet normal 0.24298017990326382 0.9700312531945441 0
    outer loop
      vertex 0.546252901645159 2.746198785129045 0
      vertex 0.546252901645159 2.746198785129045 10.8
      vertex 0.8127970963124945 2.6794329400501846 0
    endloop
  endfacet
  facet normal 0 0 -1
    outer loop
      vertex 1.7763011956582073 -2.1644292694156633 0
      vertex 1.7 0 0
      vertex 1.7763011956582073 2.1644292694156633 0
    endloop
  endfacet
  facet normal 0 0 -1
    outer loop
      vertex 2.5868626910316026 -1.0715136106222514 0
      vertex 2.5868626910316026 1.0715136106222514 0
      vertex 2.6794329400501846 0.8127970963124945 0
    endloop
  endfacet
  facet normal 0 0 -1
    outer loop
      vertex 1.7763011956582073 -2.1644292694156633 0
      vertex 1.7763011956582073 2.1644292694156633 0
      vertex 1.9798989873223332 1.9798989873223332 0
    endloop
  endfacet
  facet normal 0 0 -1
    outer loop
      vertex 1.9798989873223332 -1.9798989873223332 0
      vertex 1.9798989873223332 1.9798989873223332 0
      vertex 2.1644292694156633 1.7763011956582073 0
    endloop
  endfacet
  facet normal 0 0 -1
    outer loop
      vertex 2.1644292694156633 -1.7763011956582073 0
      vertex 2.1644292694156633 1.7763011956582073 0
      vertex 2.3281149144471267 1.555596652454886 0
    endloop
  endfacet
  facet normal 0 0 -1
    outer loop
      vertex 2.3281149144471267 -1.555596652454886 0
      vertex 2.3281149144471267 1.555596652454886 0
      vertex 2.469379540175394 1.3199108631127934 0
    endloop
  endfacet
  facet normal 0 0 -1
    outer loop
      vertex 2.469379540175394 -1.3199108631127934 0
      vertex 2.469379540175394 1.3199108631127934 0
      vertex 2.5868626910316026 1.0715136106222514 0
    endloop
  endfacet
  facet normal 0 0 -1
    outer loop
      vertex 1.7763011956582073 2.1644292694156633 0
      vertex 1.7 0 0
      vertex 1.6918140353427347 0.16662913856025302 0
    endloop
  endfacet
  facet normal 0 0 -1
    outer loop
      vertex 1.7763011956582073 2.1644292694156633 0
      vertex 1.6918140353427347 0.16662913856025302 0
      vertex 1.6673349766854917 0.33165354742741804 0
    endloop
  endfacet
  facet normal 0 0 -1
    outer loop
      vertex 1.7763011956582073 2.1644292694156633 0
      vertex 1.6673349766854917 0.33165354742741804 0
      vertex 1.626798570744755 0.49348395133258594 0
    endloop
  endfacet
  facet normal 0 0 -1
    outer loop
      vertex 1.7763011956582073 2.1644292694156633 0
      vertex 1.626798570744755 0.49348395133258594 0
      vertex 1.5705952052691874 0.6505618350206526 0
    endloop
  endfacet
  facet normal 0 0 -1
    outer loop
      vertex 1.7763011956582073 2.1644292694156633 0
      vertex 1.5705952052691874 0.6505618350206526 0
      vertex 1.4992661493922035 0.8013744526041959 0
    endloop
  endfacet
  facet normal 0 0 -1
    outer loop
      vertex 1.555596652454886 2.3281149144471267 0
      vertex 1.4992661493922035 0.8013744526041959 0
      vertex 1.413498340914327 0.9444693961333237 0
    endloop
  endfacet
  facet normal 0 0 -1
    outer loop
      vertex 2.7865172346821514 -0.27444799292276967 0
      vertex 2.7865172346821514 0.27444799292276967 0
      vertex 2.8 0 0
    endloop
  endfacet
  facet normal 0 0 -1
    outer loop
      vertex 2.746198785129045 -0.546252901645159 0
      vertex 2.746198785129045 0.546252901645159 0
      vertex 2.7865172346821514 0.27444799292276967 0
    endloop
  endfacet
  facet normal 0 0 -1
    outer loop
      vertex 2.6794329400501846 -0.8127970963124945 0
      vertex 2.6794329400501846 0.8127970963124945 0
      vertex 2.746198785129045 0.546252901645159 0
    endloop
  endfacet
  facet normal 0.9415440651830207 0.3368898533922203 0
    outer loop
      vertex 2.6794329400501846 0.8127970963124945 0
      vertex 2.5868626910316026 1.0715136106222514 0
      vertex 2.6794329400501846 0.8127970963124945 10.8
    endloop
  endfacet
  facet normal 0.903989293123444 0.427555093430281 0
    outer loop
      vertex 2.5868626910316026 1.0715136106222514 0
      vertex 2.469379540175394 1.3199108631127934 0
      vertex 2.5868626910316026 1.0715136106222514 10.8
    endloop
  endfacet
  facet normal 0.8577286100002719 0.5141027441932221 0
    outer loop
      vertex 2.469379540175394 1.3199108631127934 0
      vertex 2.3281149144471267 1.555596652454886 0
      vertex 2.469379540175394 1.3199108631127934 10.8
    endloop
  endfacet
  facet normal 0.9987954562051724 0.04906767432741694 0
    outer loop
      vertex 2.8 0 0
      vertex 2.7865172346821514 0.27444799292276967 0
      vertex 2.8 0 10.8
    endloop
  endfacet
  facet normal 0.9891765099647808 0.14673047445536302 0
    outer loop
      vertex 2.7865172346821514 0.27444799292276967 0
      vertex 2.746198785129045 0.546252901645159 0
      vertex 2.7865172346821514 0.27444799292276967 10.8
    endloop
  endfacet
  facet normal 0.9700312531945441 0.24298017990326382 0
    outer loop
      vertex 2.746198785129045 0.546252901645159 0
      vertex 2.6794329400501846 0.8127970963124945 0
      vertex 2.746198785129045 0.546252901645159 10.8
    endloop
  endfacet
  facet normal 0 0 -1
    outer loop
      vertex 1.3199108631127934 2.469379540175394 0
      vertex 1.314117770716653 1.0784685830781973 0
      vertex 1.2020815280171309 1.2020815280171309 0
    endloop
  endfacet
  facet normal 0 0 -1
    outer loop
      vertex 1.3199108631127934 2.469379540175394 0
      vertex 1.2020815280171309 1.2020815280171309 0
      vertex 1.0784685830781973 1.314117770716653 0
    endloop
  endfacet
  facet normal 0 0 -1
    outer loop
      vertex 1.3199108631127934 2.469379540175394 0
      vertex 1.0784685830781973 1.314117770716653 0
      vertex 0.9444693961333237 1.413498340914327 0
    endloop
  endfacet
  facet normal 0 0 -1
    outer loop
      vertex 1.555596652454886 2.3281149144471267 0
      vertex 1.413498340914327 0.9444693961333237 0
      vertex 1.314117770716653 1.0784685830781973 0
    endloop
  endfacet
  facet normal 0 0 -1
    outer loop
      vertex 1.0715136106222514 2.5868626910316026 0
      vertex 0.9444693961333237 1.413498340914327 0
      vertex 0.8013744526041959 1.4992661493922035 0
    endloop
  endfacet
  facet normal 0 0 -1
    outer loop
      vertex 1.555596652454886 2.3281149144471267 0
      vertex 1.7763011956582073 2.1644292694156633 0
      vertex 1.4992661493922035 0.8013744526041959 0
    endloop
  endfacet
  facet normal 0 0 -1
    outer loop
      vertex 1.3199108631127934 2.469379540175394 0
      vertex 1.555596652454886 2.3281149144471267 0
      vertex 1.314117770716653 1.0784685830781973 0
    endloop
  endfacet
  facet normal 0 0 -1
    outer loop
      vertex 0.8127970963124945 2.6794329400501846 0
      vertex 1.0715136106222514 2.5868626910316026 0
      vertex 0.8013744526041959 1.4992661493922035 0
    endloop
  endfacet
  facet normal 0 0 -1
    outer loop
      vertex 1.0715136106222514 2.5868626910316026 0
      vertex 1.3199108631127934 2.469379540175394 0
      vertex 0.9444693961333237 1.413498340914327 0
    endloop
  endfacet
  facet normal 0.8032075314806445 0.5956993044924338 0
    outer loop
      vertex 2.3281149144471267 1.555596652454886 0
      vertex 2.1644292694156633 1.7763011956582073 0
      vertex 2.3281149144471267 1.555596652454886 10.8
    endloop
  endfacet
  facet normal 0.7409511253549599 0.6715589548470174 0
    outer loop
      vertex 1.9798989873223332 1.9798989873223332 0
      vertex 2.1644292694156633 1.7763011956582073 10.8
      vertex 2.1644292694156633 1.7763011956582073 0
    endloop
  endfacet
  facet normal 0.5956993044924338 0.8032075314806445 0
    outer loop
      vertex 1.555596652454886 2.3281149144471267 0
      vertex 1.555596652454886 2.3281149144471267 10.8
      vertex 1.7763011956582073 2.1644292694156633 0
    endloop
  endfacet
  facet normal 0.5141027441932221 0.8577286100002719 0
    outer loop
      vertex 1.3199108631127934 2.469379540175394 0
      vertex 1.3199108631127934 2.469379540175394 10.8
      vertex 1.555596652454886 2.3281149144471267 0
    endloop
  endfacet
  facet normal 0.427555093430281 0.903989293123444 0
    outer loop
      vertex 1.0715136106222514 2.5868626910316026 0
      vertex 1.0715136106222514 2.5868626910316026 10.8
      vertex 1.3199108631127934 2.469379540175394 0
    endloop
  endfacet
  facet normal 0.3368898533922203 0.9415440651830207 0
    outer loop
      vertex 0.8127970963124945 2.6794329400501846 0
      vertex 0.8127970963124945 2.6794329400501846 10.8
      vertex 1.0715136106222514 2.5868626910316026 0
    endloop
  endfacet
  facet normal 0.6715589548470174 0.7409511253549599 0
    outer loop
      vertex 1.9798989873223332 1.9798989873223332 0
      vertex 1.7763011956582073 2.1644292694156633 0
      vertex 1.7763011956582073 2.1644292694156633 10.8
    endloop
  endfacet
  facet normal -0.9987954562051724 0.04906767432741694 0
    outer loop
      vertex -2.8 0 0
      vertex -2.8 0 10.8
      vertex -2.7865172346821514 0.27444799292276967 10.8
    endloop
  endfacet
  facet normal -0.9891765099647808 0.14673047445536302 0
    outer loop
      vertex -2.7865172346821514 0.27444799292276967 0
      vertex -2.7865172346821514 0.27444799292276967 10.8
      vertex -2.746198785129045 0.546252901645159 10.8
    endloop
  endfacet
  facet normal -0.9700312531945441 0.24298017990326382 0
    outer loop
      vertex -2.746198785129045 0.546252901645159 0
      vertex -2.746198785129045 0.546252901645159 10.8
      vertex -2.6794329400501846 0.8127970963124945 10.8
    endloop
  endfacet
  facet normal -0.9415440651830207 0.3368898533922203 0
    outer loop
      vertex -2.6794329400501846 0.8127970963124945 0
      vertex -2.6794329400501846 0.8127970963124945 10.8
      vertex -2.5868626910316026 1.0715136106222514 10.8
    endloop
  endfacet
  facet normal -0.903989293123444 0.427555093430281 0
    outer loop
      vertex -2.5868626910316026 1.0715136106222514 0
      vertex -2.5868626910316026 1.0715136106222514 10.8
      vertex -2.469379540175394 1.3199108631127934 10.8
    endloop
  endfacet
  facet normal -0.8577286100002719 0.5141027441932221 0
    outer loop
      vertex -2.469379540175394 1.3199108631127934 0
      vertex -2.469379540175394 1.3199108631127934 10.8
      vertex -2.3281149144471267 1.555596652454886 10.8
    endloop
  endfacet
  facet normal 0 0 1
    outer loop
      vertex -2.7865172346821514 -0.27444799292276967 10.8
      vertex -2.7865172346821514 0.27444799292276967 10.8
      vertex -2.8 0 10.8
    endloop
  endfacet
  facet normal 0 0 1
    outer loop
      vertex -2.746198785129045 -0.546252901645159 10.8
      vertex -2.746198785129045 0.546252901645159 10.8
      vertex -2.7865172346821514 0.27444799292276967 10.8
    endloop
  endfacet
  facet normal 0 0 1
    outer loop
      vertex -2.6794329400501846 -0.8127970963124945 10.8
      vertex -2.6794329400501846 0.8127970963124945 10.8
      vertex -2.746198785129045 0.546252901645159 10.8
    endloop
  endfacet
  facet normal 0 0 1
    outer loop
      vertex -2.5868626910316026 -1.0715136106222514 10.8
      vertex -2.5868626910316026 1.0715136106222514 10.8
      vertex -2.6794329400501846 0.8127970963124945 10.8
    endloop
  endfacet
  facet normal 0 0 1
    outer loop
      vertex -2.469379540175394 -1.3199108631127934 10.8
      vertex -2.469379540175394 1.3199108631127934 10.8
      vertex -2.5868626910316026 1.0715136106222514 10.8
    endloop
  endfacet
  facet normal 0 0 1
    outer loop
      vertex -2.3281149144471267 -1.555596652454886 10.8
      vertex -2.3281149144471267 1.555596652454886 10.8
      vertex -2.469379540175394 1.3199108631127934 10.8
    endloop
  endfacet
  facet normal 0 0 1
    outer loop
      vertex -2.1644292694156633 -1.7763011956582073 10.8
      vertex -2.1644292694156633 1.7763011956582073 10.8
      vertex -2.3281149144471267 1.555596652454886 10.8
    endloop
  endfacet
  facet normal 0 0 1
    outer loop
      vertex -1.9798989873223332 -1.9798989873223332 10.8
      vertex -1.9798989873223332 1.9798989873223332 10.8
      vertex -2.1644292694156633 1.7763011956582073 10.8
    endloop
  endfacet
  facet normal 0 0 1
    outer loop
      vertex -1.7763011956582073 -2.1644292694156633 10.8
      vertex -1.7 0 10.8
      vertex -1.7763011956582073 2.1644292694156633 10.8
    endloop
  endfacet
  facet normal 0 0 1
    outer loop
      vertex -1.7763011956582073 -2.1644292694156633 10.8
      vertex -1.7763011956582073 2.1644292694156633 10.8
      vertex -1.9798989873223332 1.9798989873223332 10.8
    endloop
  endfacet
  facet normal 0 0 1
    outer loop
      vertex -1.7763011956582073 2.1644292694156633 10.8
      vertex -1.7 0 10.8
      vertex -1.6918140353427347 0.16662913856025302 10.8
    endloop
  endfacet
  facet normal 0 0 1
    outer loop
      vertex -1.7763011956582073 2.1644292694156633 10.8
      vertex -1.6918140353427347 0.16662913856025302 10.8
      vertex -1.6673349766854917 0.33165354742741804 10.8
    endloop
  endfacet
  facet normal 0 0 1
    outer loop
      vertex -1.7763011956582073 2.1644292694156633 10.8
      vertex -1.6673349766854917 0.33165354742741804 10.8
      vertex -1.626798570744755 0.49348395133258594 10.8
    endloop
  endfacet
  facet normal 0 0 1
    outer loop
      vertex -1.7763011956582073 2.1644292694156633 10.8
      vertex -1.626798570744755 0.49348395133258594 10.8
      vertex -1.5705952052691874 0.6505618350206526 10.8
    endloop
  endfacet
  facet normal 0 0 1
    outer loop
      vertex -1.7763011956582073 2.1644292694156633 10.8
      vertex -1.5705952052691874 0.6505618350206526 10.8
      vertex -1.4992661493922035 0.8013744526041959 10.8
    endloop
  endfacet
  facet normal 0 0 1
    outer loop
      vertex -1.555596652454886 2.3281149144471267 10.8
      vertex -1.4992661493922035 0.8013744526041959 10.8
      vertex -1.413498340914327 0.9444693961333237 10.8
    endloop
  endfacet
  facet normal -0.8032075314806445 0.5956993044924338 0
    outer loop
      vertex -2.3281149144471267 1.555596652454886 0
      vertex -2.3281149144471267 1.555596652454886 10.8
      vertex -2.1644292694156633 1.7763011956582073 10.8
    endloop
  endfacet
  facet normal -0.7409511253549599 0.6715589548470174 0
    outer loop
      vertex -2.1644292694156633 1.7763011956582073 0
      vertex -2.1644292694156633 1.7763011956582073 10.8
      vertex -1.9798989873223332 1.9798989873223332 10.8
    endloop
  endfacet
  facet normal -0.6715589548470174 0.7409511253549599 0
    outer loop
      vertex -1.7763011956582073 2.1644292694156633 0
      vertex -1.9798989873223332 1.9798989873223332 10.8
      vertex -1.7763011956582073 2.1644292694156633 10.8
    endloop
  endfacet
  facet normal -0.5956993044924338 0.8032075314806445 0
    outer loop
      vertex -1.555596652454886 2.3281149144471267 0
      vertex -1.7763011956582073 2.1644292694156633 10.8
      vertex -1.555596652454886 2.3281149144471267 10.8
    endloop
  endfacet
  facet normal -0.5141027441932221 0.8577286100002719 0
    outer loop
      vertex -1.3199108631127934 2.469379540175394 0
      vertex -1.555596652454886 2.3281149144471267 10.8
      vertex -1.3199108631127934 2.469379540175394 10.8
    endloop
  endfacet
  facet normal -0.427555093430281 0.903989293123444 0
    outer loop
      vertex -1.0715136106222514 2.5868626910316026 0
      vertex -1.3199108631127934 2.469379540175394 10.8
      vertex -1.0715136106222514 2.5868626910316026 10.8
    endloop
  endfacet
  facet normal -0.3368898533922203 0.9415440651830207 0
    outer loop
      vertex -0.8127970963124945 2.6794329400501846 0
      vertex -1.0715136106222514 2.5868626910316026 10.8
      vertex -0.8127970963124945 2.6794329400501846 10.8
    endloop
  endfacet
  facet normal -0.24298017990326382 0.9700312531945441 0
    outer loop
      vertex -0.546252901645159 2.746198785129045 0
      vertex -0.8127970963124945 2.6794329400501846 10.8
      vertex -0.546252901645159 2.746198785129045 10.8
    endloop
  endfacet
  facet normal -0.14673047445536302 0.9891765099647808 0
    outer loop
      vertex -0.27444799292276967 2.7865172346821514 0
      vertex -0.546252901645159 2.746198785129045 10.8
      vertex -0.27444799292276967 2.7865172346821514 10.8
    endloop
  endfacet
  facet normal -0.04906767432741694 0.9987954562051724 0
    outer loop
      vertex -0.27444799292276967 2.7865172346821514 10.8
      vertex 0 2.8 10.8
      vertex 0 2.8 0
    endloop
  endfacet
  facet normal 0.04906767432741694 0.9987954562051724 0
    outer loop
      vertex 0.27444799292276967 2.7865172346821514 0
      vertex 0 2.8 10.8
      vertex 0.27444799292276967 2.7865172346821514 10.8
    endloop
  endfacet
  facet normal 0.14673047445536302 0.9891765099647808 0
    outer loop
      vertex 0.546252901645159 2.746198785129045 0
      vertex 0.27444799292276967 2.7865172346821514 10.8
      vertex 0.546252901645159 2.746198785129045 10.8
    endloop
  endfacet
  facet normal 0.24298017990326382 0.9700312531945441 0
    outer loop
      vertex 0.8127970963124945 2.6794329400501846 0
      vertex 0.546252901645159 2.746198785129045 10.8
      vertex 0.8127970963124945 2.6794329400501846 10.8
    endloop
  endfacet
  facet normal 0 0 1
    outer loop
      vertex -1.555596652454886 2.3281149144471267 10.8
      vertex -1.413498340914327 0.9444693961333237 10.8
      vertex -1.314117770716653 1.0784685830781973 10.8
    endloop
  endfacet
  facet normal 0 0 1
    outer loop
      vertex -1.3199108631127934 2.469379540175394 10.8
      vertex -1.314117770716653 1.0784685830781973 10.8
      vertex -1.2020815280171309 1.2020815280171309 10.8
    endloop
  endfacet
  facet normal 0 0 1
    outer loop
      vertex -1.3199108631127934 2.469379540175394 10.8
      vertex -1.2020815280171309 1.2020815280171309 10.8
      vertex -1.0784685830781973 1.314117770716653 10.8
    endloop
  endfacet
  facet normal 0 0 1
    outer loop
      vertex -1.3199108631127934 2.469379540175394 10.8
      vertex -1.0784685830781973 1.314117770716653 10.8
      vertex -0.9444693961333237 1.413498340914327 10.8
    endloop
  endfacet
  facet normal 0 0 1
    outer loop
      vertex -1.7763011956582073 2.1644292694156633 10.8
      vertex -1.4992661493922035 0.8013744526041959 10.8
      vertex -1.555596652454886 2.3281149144471267 10.8
    endloop
  endfacet
  facet normal 0 0 1
    outer loop
      vertex -1.555596652454886 2.3281149144471267 10.8
      vertex -1.314117770716653 1.0784685830781973 10.8
      vertex -1.3199108631127934 2.469379540175394 10.8
    endloop
  endfacet
  facet normal 0 0 1
    outer loop
      vertex -1.3199108631127934 2.469379540175394 10.8
      vertex -0.9444693961333237 1.413498340914327 10.8
      vertex -1.0715136106222514 2.5868626910316026 10.8
    endloop
  endfacet
  facet normal 0 0 1
    outer loop
      vertex -1.0715136106222514 2.5868626910316026 10.8
      vertex -0.9444693961333237 1.413498340914327 10.8
      vertex -0.8013744526041959 1.4992661493922035 10.8
    endloop
  endfacet
  facet normal 0 0 1
    outer loop
      vertex -0.8127970963124945 2.6794329400501846 10.8
      vertex -0.8013744526041959 1.4992661493922035 10.8
      vertex -0.6505618350206526 1.5705952052691874 10.8
    endloop
  endfacet
  facet normal 0 0 1
    outer loop
      vertex -0.8127970963124945 2.6794329400501846 10.8
      vertex -0.6505618350206526 1.5705952052691874 10.8
      vertex -0.49348395133258594 1.626798570744755 10.8
    endloop
  endfacet
  facet normal 0 0 1
    outer loop
      vertex -0.546252901645159 2.746198785129045 10.8
      vertex -0.49348395133258594 1.626798570744755 10.8
      vertex -0.33165354742741804 1.6673349766854917 10.8
    endloop
  endfacet
  facet normal 0 0 1
    outer loop
      vertex -0.546252901645159 2.746198785129045 10.8
      vertex -0.33165354742741804 1.6673349766854917 10.8
      vertex -0.16662913856025302 1.6918140353427347 10.8
    endloop
  endfacet
  facet normal 0 0 1
    outer loop
      vertex 0 2.8 10.8
      vertex -0.16662913856025302 1.6918140353427347 10.8
      vertex 0 1.7 10.8
    endloop
  endfacet
  facet normal 0 0 1
    outer loop
      vertex 0 2.8 10.8
      vertex 0 1.7 10.8
      vertex 0.16662913856025302 1.6918140353427347 10.8
    endloop
  endfacet
  facet normal 0 0 1
    outer loop
      vertex 0.27444799292276967 2.7865172346821514 10.8
      vertex 0.16662913856025302 1.6918140353427347 10.8
      vertex 0.33165354742741804 1.6673349766854917 10.8
    endloop
  endfacet
  facet normal 0 0 1
    outer loop
      vertex 0.8127970963124945 2.6794329400501846 10.8
      vertex 0.6505618350206526 1.5705952052691874 10.8
      vertex 0.8013744526041959 1.4992661493922035 10.8
    endloop
  endfacet
  facet normal 0 0 1
    outer loop
      vertex 0.546252901645159 2.746198785129045 10.8
      vertex 0.49348395133258594 1.626798570744755 10.8
      vertex 0.6505618350206526 1.5705952052691874 10.8
    endloop
  endfacet
  facet normal 0 0 1
    outer loop
      vertex 0.546252901645159 2.746198785129045 10.8
      vertex 0.33165354742741804 1.6673349766854917 10.8
      vertex 0.49348395133258594 1.626798570744755 10.8
    endloop
  endfacet
  facet normal 0 0 1
    outer loop
      vertex -1.0715136106222514 2.5868626910316026 10.8
      vertex -0.8013744526041959 1.4992661493922035 10.8
      vertex -0.8127970963124945 2.6794329400501846 10.8
    endloop
  endfacet
  facet normal 0 0 1
    outer loop
      vertex -0.8127970963124945 2.6794329400501846 10.8
      vertex -0.49348395133258594 1.626798570744755 10.8
      vertex -0.546252901645159 2.746198785129045 10.8
    endloop
  endfacet
  facet normal 0 0 1
    outer loop
      vertex -0.546252901645159 2.746198785129045 10.8
      vertex -0.16662913856025302 1.6918140353427347 10.8
      vertex -0.27444799292276967 2.7865172346821514 10.8
    endloop
  endfacet
  facet normal 0 0 1
    outer loop
      vertex -0.27444799292276967 2.7865172346821514 10.8
      vertex -0.16662913856025302 1.6918140353427347 10.8
      vertex 0 2.8 10.8
    endloop
  endfacet
  facet normal 0 0 1
    outer loop
      vertex 0 2.8 10.8
      vertex 0.16662913856025302 1.6918140353427347 10.8
      vertex 0.27444799292276967 2.7865172346821514 10.8
    endloop
  endfacet
  facet normal 0 0 1
    outer loop
      vertex 0.27444799292276967 2.7865172346821514 10.8
      vertex 0.33165354742741804 1.6673349766854917 10.8
      vertex 0.546252901645159 2.746198785129045 10.8
    endloop
  endfacet
  facet normal 0 0 1
    outer loop
      vertex 0.546252901645159 2.746198785129045 10.8
      vertex 0.6505618350206526 1.5705952052691874 10.8
      vertex 0.8127970963124945 2.6794329400501846 10.8
    endloop
  endfacet
  facet normal 0.9415440651830207 0.3368898533922203 0
    outer loop
      vertex 2.5868626910316026 1.0715136106222514 0
      vertex 2.5868626910316026 1.0715136106222514 10.8
      vertex 2.6794329400501846 0.8127970963124945 10.8
    endloop
  endfacet
  facet normal 0.903989293123444 0.427555093430281 0
    outer loop
      vertex 2.469379540175394 1.3199108631127934 0
      vertex 2.469379540175394 1.3199108631127934 10.8
      vertex 2.5868626910316026 1.0715136106222514 10.8
    endloop
  endfacet
  facet normal 0.9987954562051724 0.04906767432741694 0
    outer loop
      vertex 2.7865172346821514 0.27444799292276967 0
      vertex 2.7865172346821514 0.27444799292276967 10.8
      vertex 2.8 0 10.8
    endloop
  endfacet
  facet normal 0.9891765099647808 0.14673047445536302 0
    outer loop
      vertex 2.746198785129045 0.546252901645159 0
      vertex 2.746198785129045 0.546252901645159 10.8
      vertex 2.7865172346821514 0.27444799292276967 10.8
    endloop
  endfacet
  facet normal 0.9700312531945441 0.24298017990326382 0
    outer loop
      vertex 2.6794329400501846 0.8127970963124945 0
      vertex 2.6794329400501846 0.8127970963124945 10.8
      vertex 2.746198785129045 0.546252901645159 10.8
    endloop
  endfacet
  facet normal 0 0 1
    outer loop
      vertex 1.7763011956582073 -2.1644292694156633 10.8
      vertex 1.7763011956582073 2.1644292694156633 10.8
      vertex 1.7 0 10.8
    endloop
  endfacet
  facet normal 0 0 1
    outer loop
      vertex 2.1644292694156633 -1.7763011956582073 10.8
      vertex 2.1644292694156633 1.7763011956582073 10.8
      vertex 1.9798989873223332 1.9798989873223332 10.8
    endloop
  endfacet
  facet normal 0 0 1
    outer loop
      vertex 2.469379540175394 -1.3199108631127934 10.8
      vertex 2.469379540175394 1.3199108631127934 10.8
      vertex 2.3281149144471267 1.555596652454886 10.8
    endloop
  endfacet
  facet normal 0 0 1
    outer loop
      vertex 2.6794329400501846 -0.8127970963124945 10.8
      vertex 2.6794329400501846 0.8127970963124945 10.8
      vertex 2.5868626910316026 1.0715136106222514 10.8
    endloop
  endfacet
  facet normal 0 0 1
    outer loop
      vertex 2.5868626910316026 -1.0715136106222514 10.8
      vertex 2.5868626910316026 1.0715136106222514 10.8
      vertex 2.469379540175394 1.3199108631127934 10.8
    endloop
  endfacet
  facet normal 0 0 1
    outer loop
      vertex 2.3281149144471267 -1.555596652454886 10.8
      vertex 2.3281149144471267 1.555596652454886 10.8
      vertex 2.1644292694156633 1.7763011956582073 10.8
    endloop
  endfacet
  facet normal 0 0 1
    outer loop
      vertex 1.7763011956582073 2.1644292694156633 10.8
      vertex 1.6918140353427347 0.16662913856025302 10.8
      vertex 1.7 0 10.8
    endloop
  endfacet
  facet normal 0 0 1
    outer loop
      vertex 1.7763011956582073 2.1644292694156633 10.8
      vertex 1.6673349766854917 0.33165354742741804 10.8
      vertex 1.6918140353427347 0.16662913856025302 10.8
    endloop
  endfacet
  facet normal 0 0 1
    outer loop
      vertex 1.555596652454886 2.3281149144471267 10.8
      vertex 1.626798570744755 0.49348395133258594 10.8
      vertex 1.6673349766854917 0.33165354742741804 10.8
    endloop
  endfacet
  facet normal 0 0 1
    outer loop
      vertex 1.555596652454886 2.3281149144471267 10.8
      vertex 1.5705952052691874 0.6505618350206526 10.8
      vertex 1.626798570744755 0.49348395133258594 10.8
    endloop
  endfacet
  facet normal 0 0 1
    outer loop
      vertex 1.555596652454886 2.3281149144471267 10.8
      vertex 1.413498340914327 0.9444693961333237 10.8
      vertex 1.4992661493922035 0.8013744526041959 10.8
    endloop
  endfacet
  facet normal 0 0 1
    outer loop
      vertex 1.555596652454886 2.3281149144471267 10.8
      vertex 1.4992661493922035 0.8013744526041959 10.8
      vertex 1.5705952052691874 0.6505618350206526 10.8
    endloop
  endfacet
  facet normal 0 0 1
    outer loop
      vertex 1.9798989873223332 -1.9798989873223332 10.8
      vertex 1.9798989873223332 1.9798989873223332 10.8
      vertex 1.7763011956582073 2.1644292694156633 10.8
    endloop
  endfacet
  facet normal 0 0 1
    outer loop
      vertex 2.7865172346821514 -0.27444799292276967 10.8
      vertex 2.8 0 10.8
      vertex 2.7865172346821514 0.27444799292276967 10.8
    endloop
  endfacet
  facet normal 0 0 1
    outer loop
      vertex 2.7865172346821514 -0.27444799292276967 10.8
      vertex 2.7865172346821514 0.27444799292276967 10.8
      vertex 2.746198785129045 0.546252901645159 10.8
    endloop
  endfacet
  facet normal 0 0 1
    outer loop
      vertex 2.746198785129045 -0.546252901645159 10.8
      vertex 2.746198785129045 0.546252901645159 10.8
      vertex 2.6794329400501846 0.8127970963124945 10.8
    endloop
  endfacet
  facet normal 0.8577286100002719 0.5141027441932221 0
    outer loop
      vertex 2.3281149144471267 1.555596652454886 0
      vertex 2.3281149144471267 1.555596652454886 10.8
      vertex 2.469379540175394 1.3199108631127934 10.8
    endloop
  endfacet
  facet normal 0.8032075314806445 0.5956993044924338 0
    outer loop
      vertex 2.1644292694156633 1.7763011956582073 0
      vertex 2.1644292694156633 1.7763011956582073 10.8
      vertex 2.3281149144471267 1.555596652454886 10.8
    endloop
  endfacet
  facet normal 0.7409511253549599 0.6715589548470174 0
    outer loop
      vertex 1.9798989873223332 1.9798989873223332 0
      vertex 1.9798989873223332 1.9798989873223332 10.8
      vertex 2.1644292694156633 1.7763011956582073 10.8
    endloop
  endfacet
  facet normal 0.6715589548470174 0.7409511253549599 0
    outer loop
      vertex 1.9798989873223332 1.9798989873223332 0
      vertex 1.7763011956582073 2.1644292694156633 10.8
      vertex 1.9798989873223332 1.9798989873223332 10.8
    endloop
  endfacet
  facet normal 0.5956993044924338 0.8032075314806445 0
    outer loop
      vertex 1.7763011956582073 2.1644292694156633 0
      vertex 1.555596652454886 2.3281149144471267 10.8
      vertex 1.7763011956582073 2.1644292694156633 10.8
    endloop
  endfacet
  facet normal 0.5141027441932221 0.8577286100002719 0
    outer loop
      vertex 1.555596652454886 2.3281149144471267 0
      vertex 1.3199108631127934 2.469379540175394 10.8
      vertex 1.555596652454886 2.3281149144471267 10.8
    endloop
  endfacet
  facet normal 0.3368898533922203 0.9415440651830207 0
    outer loop
      vertex 1.0715136106222514 2.5868626910316026 0
      vertex 0.8127970963124945 2.6794329400501846 10.8
      vertex 1.0715136106222514 2.5868626910316026 10.8
    endloop
  endfacet
  facet normal 0.427555093430281 0.903989293123444 0
    outer loop
      vertex 1.3199108631127934 2.469379540175394 0
      vertex 1.0715136106222514 2.5868626910316026 10.8
      vertex 1.3199108631127934 2.469379540175394 10.8
    endloop
  endfacet
  facet normal 0 0 1
    outer loop
      vertex 1.3199108631127934 2.469379540175394 10.8
      vertex 1.2020815280171309 1.2020815280171309 10.8
      vertex 1.314117770716653 1.0784685830781973 10.8
    endloop
  endfacet
  facet normal 0 0 1
    outer loop
      vertex 1.0715136106222514 2.5868626910316026 10.8
      vertex 1.0784685830781973 1.314117770716653 10.8
      vertex 1.2020815280171309 1.2020815280171309 10.8
    endloop
  endfacet
  facet normal 0 0 1
    outer loop
      vertex 1.3199108631127934 2.469379540175394 10.8
      vertex 1.314117770716653 1.0784685830781973 10.8
      vertex 1.413498340914327 0.9444693961333237 10.8
    endloop
  endfacet
  facet normal 0 0 1
    outer loop
      vertex 1.555596652454886 2.3281149144471267 10.8
      vertex 1.6673349766854917 0.33165354742741804 10.8
      vertex 1.7763011956582073 2.1644292694156633 10.8
    endloop
  endfacet
  facet normal 0 0 1
    outer loop
      vertex 1.0715136106222514 2.5868626910316026 10.8
      vertex 0.9444693961333237 1.413498340914327 10.8
      vertex 1.0784685830781973 1.314117770716653 10.8
    endloop
  endfacet
  facet normal 0 0 1
    outer loop
      vertex 0.8127970963124945 2.6794329400501846 10.8
      vertex 0.8013744526041959 1.4992661493922035 10.8
      vertex 0.9444693961333237 1.413498340914327 10.8
    endloop
  endfacet
  facet normal 0 0 1
    outer loop
      vertex 1.0715136106222514 2.5868626910316026 10.8
      vertex 1.2020815280171309 1.2020815280171309 10.8
      vertex 1.3199108631127934 2.469379540175394 10.8
    endloop
  endfacet
  facet normal 0 0 1
    outer loop
      vertex 1.3199108631127934 2.469379540175394 10.8
      vertex 1.413498340914327 0.9444693961333237 10.8
      vertex 1.555596652454886 2.3281149144471267 10.8
    endloop
  endfacet
  facet normal 0 0 1
    outer loop
      vertex 0.8127970963124945 2.6794329400501846 10.8
      vertex 0.9444693961333237 1.413498340914327 10.8
      vertex 1.0715136106222514 2.5868626910316026 10.8
    endloop
  endfacet
  facet normal 0 0 -1
    outer loop
      vertex 7.680089136887206 -2.469379540175394 0
      vertex 8.055530603866677 -1.413498340914327 0
      vertex 7.928486389377749 -2.5868626910316026 0
    endloop
  endfacet
  facet normal 0 0 -1
    outer loop
      vertex 7.928486389377749 -2.5868626910316026 0
      vertex 8.198625547395803 -1.4992661493922035 0
      vertex 8.187202903687506 -2.6794329400501846 0
    endloop
  endfacet
  facet normal 0 0 -1
    outer loop
      vertex 7.444403347545114 -2.3281149144471267 0
      vertex 7.685882229283347 -1.0784685830781973 0
      vertex 7.680089136887206 -2.469379540175394 0
    endloop
  endfacet
  facet normal 0 0 -1
    outer loop
      vertex 7.223698804341793 -2.1644292694156633 0
      vertex 7.500733850607796 -0.8013744526041959 0
      vertex 7.444403347545114 -2.3281149144471267 0
    endloop
  endfacet
  facet normal 0 0 -1
    outer loop
      vertex 7.928486389377749 -2.5868626910316026 0
      vertex 8.055530603866677 -1.413498340914327 0
      vertex 8.198625547395803 -1.4992661493922035 0
    endloop
  endfacet
  facet normal 0 0 -1
    outer loop
      vertex 7.444403347545114 -2.3281149144471267 0
      vertex 7.586501659085673 -0.9444693961333237 0
      vertex 7.685882229283347 -1.0784685830781973 0
    endloop
  endfacet
  facet normal 0 0 -1
    outer loop
      vertex 7.680089136887206 -2.469379540175394 0
      vertex 7.921531416921803 -1.314117770716653 0
      vertex 8.055530603866677 -1.413498340914327 0
    endloop
  endfacet
  facet normal 0 0 -1
    outer loop
      vertex 7.680089136887206 -2.469379540175394 0
      vertex 7.797918471982869 -1.2020815280171309 0
      vertex 7.921531416921803 -1.314117770716653 0
    endloop
  endfacet
  facet normal 0 0 -1
    outer loop
      vertex 7.680089136887206 -2.469379540175394 0
      vertex 7.685882229283347 -1.0784685830781973 0
      vertex 7.797918471982869 -1.2020815280171309 0
    endloop
  endfacet
  facet normal -0.6715589548470179 -0.7409511253549595 0
    outer loop
      vertex 7.223698804341793 -2.1644292694156633 0
      vertex 7.223698804341793 -2.1644292694156633 10.8
      vertex 7.020101012677667 -1.9798989873223332 0
    endloop
  endfacet
  facet normal -0.3368898533922199 -0.9415440651830208 0
    outer loop
      vertex 7.928486389377749 -2.5868626910316026 0
      vertex 8.187202903687506 -2.6794329400501846 0
      vertex 8.187202903687506 -2.6794329400501846 10.8
    endloop
  endfacet
  facet normal -0.42755509343027964 -0.9039892931234444 0
    outer loop
      vertex 7.680089136887206 -2.469379540175394 0
      vertex 7.928486389377749 -2.5868626910316026 0
      vertex 7.928486389377749 -2.5868626910316026 10.8
    endloop
  endfacet
  facet normal -0.5141027441932228 -0.8577286100002715 0
    outer loop
      vertex 7.444403347545114 -2.3281149144471267 0
      vertex 7.680089136887206 -2.469379540175394 0
      vertex 7.680089136887206 -2.469379540175394 10.8
    endloop
  endfacet
  facet normal -0.5956993044924344 -0.8032075314806443 0
    outer loop
      vertex 7.223698804341793 -2.1644292694156633 0
      vertex 7.444403347545114 -2.3281149144471267 0
      vertex 7.444403347545114 -2.3281149144471267 10.8
    endloop
  endfacet
  facet normal -0.7409511253549591 -0.6715589548470183 0
    outer loop
      vertex 6.835570730584337 -1.7763011956582073 0
      vertex 7.020101012677667 -1.9798989873223332 0
      vertex 6.835570730584337 -1.7763011956582073 10.8
    endloop
  endfacet
  facet normal -0.8032075314806436 -0.5956993044924348 0
    outer loop
      vertex 6.835570730584337 -1.7763011956582073 0
      vertex 6.671885085552873 -1.555596652454886 10.8
      vertex 6.671885085552873 -1.555596652454886 0
    endloop
  endfacet
  facet normal 0 0 -1
    outer loop
      vertex 6.320567059949815 -0.8127970963124945 0
      vertex 6.253801214870955 -0.546252901645159 0
      vertex 6.320567059949815 0.8127970963124945 0
    endloop
  endfacet
  facet normal 0 0 -1
    outer loop
      vertex 6.253801214870955 -0.546252901645159 0
      vertex 6.213482765317849 -0.27444799292276967 0
      vertex 6.253801214870955 0.546252901645159 0
    endloop
  endfacet
  facet normal 0 0 -1
    outer loop
      vertex 7.444403347545114 -2.3281149144471267 0
      vertex 7.500733850607796 -0.8013744526041959 0
      vertex 7.586501659085673 -0.9444693961333237 0
    endloop
  endfacet
  facet normal 0 0 -1
    outer loop
      vertex 7.223698804341793 -2.1644292694156633 0
      vertex 7.429404794730813 -0.6505618350206526 0
      vertex 7.500733850607796 -0.8013744526041959 0
    endloop
  endfacet
  facet normal 0 0 -1
    outer loop
      vertex 7.223698804341793 -2.1644292694156633 0
      vertex 7.373201429255245 -0.49348395133258594 0
      vertex 7.429404794730813 -0.6505618350206526 0
    endloop
  endfacet
  facet normal 0 0 -1
    outer loop
      vertex 7.223698804341793 -2.1644292694156633 0
      vertex 7.332665023314508 -0.33165354742741804 0
      vertex 7.373201429255245 -0.49348395133258594 0
    endloop
  endfacet
  facet normal 0 0 -1
    outer loop
      vertex 7.223698804341793 -2.1644292694156633 0
      vertex 7.308185964657265 -0.16662913856025302 0
      vertex 7.332665023314508 -0.33165354742741804 0
    endloop
  endfacet
  facet normal 0 0 -1
    outer loop
      vertex 7.223698804341793 -2.1644292694156633 0
      vertex 7.3 0 0
      vertex 7.308185964657265 -0.16662913856025302 0
    endloop
  endfacet
  facet normal 0 0 -1
    outer loop
      vertex 6.530620459824606 -1.3199108631127934 0
      vertex 6.413137308968397 -1.0715136106222514 0
      vertex 6.530620459824606 1.3199108631127934 0
    endloop
  endfacet
  facet normal 0 0 -1
    outer loop
      vertex 6.671885085552873 -1.555596652454886 0
      vertex 6.530620459824606 -1.3199108631127934 0
      vertex 6.671885085552873 1.555596652454886 0
    endloop
  endfacet
  facet normal 0 0 -1
    outer loop
      vertex 6.835570730584337 -1.7763011956582073 0
      vertex 6.671885085552873 -1.555596652454886 0
      vertex 6.835570730584337 1.7763011956582073 0
    endloop
  endfacet
  facet normal 0 0 -1
    outer loop
      vertex 6.835570730584337 -1.7763011956582073 0
      vertex 7.020101012677667 1.9798989873223332 0
      vertex 7.020101012677667 -1.9798989873223332 0
    endloop
  endfacet
  facet normal 0 0 -1
    outer loop
      vertex 7.223698804341793 -2.1644292694156633 0
      vertex 7.020101012677667 -1.9798989873223332 0
      vertex 7.223698804341793 2.1644292694156633 0
    endloop
  endfacet
  facet normal 0 0 -1
    outer loop
      vertex 6.413137308968397 -1.0715136106222514 0
      vertex 6.320567059949815 -0.8127970963124945 0
      vertex 6.413137308968397 1.0715136106222514 0
    endloop
  endfacet
  facet normal -0.9700312531945441 -0.24298017990326382 0
    outer loop
      vertex 6.320567059949815 -0.8127970963124945 0
      vertex 6.253801214870955 -0.546252901645159 10.8
      vertex 6.253801214870955 -0.546252901645159 0
    endloop
  endfacet
  facet normal -0.989176509964781 -0.14673047445536144 0
    outer loop
      vertex 6.253801214870955 -0.546252901645159 0
      vertex 6.213482765317849 -0.27444799292276967 10.8
      vertex 6.213482765317849 -0.27444799292276967 0
    endloop
  endfacet
  facet normal -0.9987954562051724 -0.049067674327418556 0
    outer loop
      vertex 6.213482765317849 -0.27444799292276967 0
      vertex 6.2 0 10.8
      vertex 6.2 0 0
    endloop
  endfacet
  facet normal -0.8577286100002725 -0.5141027441932208 0
    outer loop
      vertex 6.671885085552873 -1.555596652454886 0
      vertex 6.530620459824606 -1.3199108631127934 10.8
      vertex 6.530620459824606 -1.3199108631127934 0
    endloop
  endfacet
  facet normal -0.903989293123444 -0.427555093430281 0
    outer loop
      vertex 6.530620459824606 -1.3199108631127934 0
      vertex 6.413137308968397 -1.0715136106222514 10.8
      vertex 6.413137308968397 -1.0715136106222514 0
    endloop
  endfacet
  facet normal -0.9415440651830207 -0.3368898533922203 0
    outer loop
      vertex 6.413137308968397 -1.0715136106222514 0
      vertex 6.320567059949815 -0.8127970963124945 10.8
      vertex 6.320567059949815 -0.8127970963124945 0
    endloop
  endfacet
  facet normal 0 0 -1
    outer loop
      vertex 8.187202903687506 -2.6794329400501846 0
      vertex 8.506516048667415 -1.626798570744755 0
      vertex 8.45374709835484 -2.746198785129045 0
    endloop
  endfacet
  facet normal 0 0 -1
    outer loop
      vertex 8.45374709835484 -2.746198785129045 0
      vertex 8.833370861439747 -1.6918140353427347 0
      vertex 8.72555200707723 -2.7865172346821514 0
    endloop
  endfacet
  facet normal 0 0 -1
    outer loop
      vertex 8.72555200707723 -2.7865172346821514 0
      vertex 8.833370861439747 -1.6918140353427347 0
      vertex 9 -2.8 0
    endloop
  endfacet
  facet normal 0 0 -1
    outer loop
      vertex 9 -2.8 0
      vertex 9.166629138560253 -1.6918140353427347 0
      vertex 9.27444799292277 -2.7865172346821514 0
    endloop
  endfacet
  facet normal 0 0 -1
    outer loop
      vertex 9.27444799292277 -2.7865172346821514 0
      vertex 9.331653547427418 -1.6673349766854917 0
      vertex 9.54625290164516 -2.746198785129045 0
    endloop
  endfacet
  facet normal 0 0 -1
    outer loop
      vertex 9.54625290164516 -2.746198785129045 0
      vertex 9.650561835020653 -1.5705952052691874 0
      vertex 9.812797096312494 -2.6794329400501846 0
    endloop
  endfacet
  facet normal 0 0 -1
    outer loop
      vertex 9.812797096312494 -2.6794329400501846 0
      vertex 9.944469396133323 -1.413498340914327 0
      vertex 10.071513610622251 -2.5868626910316026 0
    endloop
  endfacet
  facet normal 0 0 -1
    outer loop
      vertex 8.187202903687506 -2.6794329400501846 0
      vertex 8.349438164979347 -1.5705952052691874 0
      vertex 8.506516048667415 -1.626798570744755 0
    endloop
  endfacet
  facet normal 0 0 -1
    outer loop
      vertex 8.45374709835484 -2.746198785129045 0
      vertex 8.506516048667415 -1.626798570744755 0
      vertex 8.668346452572582 -1.6673349766854917 0
    endloop
  endfacet
  facet normal 0 0 -1
    outer loop
      vertex 8.187202903687506 -2.6794329400501846 0
      vertex 8.198625547395803 -1.4992661493922035 0
      vertex 8.349438164979347 -1.5705952052691874 0
    endloop
  endfacet
  facet normal 0 0 -1
    outer loop
      vertex 8.45374709835484 -2.746198785129045 0
      vertex 8.668346452572582 -1.6673349766854917 0
      vertex 8.833370861439747 -1.6918140353427347 0
    endloop
  endfacet
  facet normal 0 0 -1
    outer loop
      vertex 9 -2.8 0
      vertex 8.833370861439747 -1.6918140353427347 0
      vertex 9 -1.7 0
    endloop
  endfacet
  facet normal 0 0 -1
    outer loop
      vertex 9 -2.8 0
      vertex 9 -1.7 0
      vertex 9.166629138560253 -1.6918140353427347 0
    endloop
  endfacet
  facet normal 0 0 -1
    outer loop
      vertex 9.27444799292277 -2.7865172346821514 0
      vertex 9.166629138560253 -1.6918140353427347 0
      vertex 9.331653547427418 -1.6673349766854917 0
    endloop
  endfacet
  facet normal 0 0 -1
    outer loop
      vertex 9.54625290164516 -2.746198785129045 0
      vertex 9.331653547427418 -1.6673349766854917 0
      vertex 9.493483951332585 -1.626798570744755 0
    endloop
  endfacet
  facet normal 0 0 -1
    outer loop
      vertex 9.54625290164516 -2.746198785129045 0
      vertex 9.493483951332585 -1.626798570744755 0
      vertex 9.650561835020653 -1.5705952052691874 0
    endloop
  endfacet
  facet normal 0 0 -1
    outer loop
      vertex 9.812797096312494 -2.6794329400501846 0
      vertex 9.650561835020653 -1.5705952052691874 0
      vertex 9.801374452604197 -1.4992661493922035 0
    endloop
  endfacet
  facet normal 0 0 -1
    outer loop
      vertex 9.812797096312494 -2.6794329400501846 0
      vertex 9.801374452604197 -1.4992661493922035 0
      vertex 9.944469396133323 -1.413498340914327 0
    endloop
  endfacet
  facet normal 0 0 -1
    outer loop
      vertex 10.071513610622251 -2.5868626910316026 0
      vertex 10.20208152801713 -1.2020815280171309 0
      vertex 10.319910863112794 -2.469379540175394 0
    endloop
  endfacet
  facet normal 0 0 -1
    outer loop
      vertex 10.071513610622251 -2.5868626910316026 0
      vertex 9.944469396133323 -1.413498340914327 0
      vertex 10.078468583078198 -1.314117770716653 0
    endloop
  endfacet
  facet normal 0 0 -1
    outer loop
      vertex 10.319910863112794 -2.469379540175394 0
      vertex 10.413498340914327 -0.9444693961333237 0
      vertex 10.555596652454886 -2.3281149144471267 0
    endloop
  endfacet
  facet normal 0 0 -1
    outer loop
      vertex 10.071513610622251 -2.5868626910316026 0
      vertex 10.078468583078198 -1.314117770716653 0
      vertex 10.20208152801713 -1.2020815280171309 0
    endloop
  endfacet
  facet normal 0 0 -1
    outer loop
      vertex 10.319910863112794 -2.469379540175394 0
      vertex 10.20208152801713 -1.2020815280171309 0
      vertex 10.314117770716653 -1.0784685830781973 0
    endloop
  endfacet
  facet normal 0 0 -1
    outer loop
      vertex 10.319910863112794 -2.469379540175394 0
      vertex 10.314117770716653 -1.0784685830781973 0
      vertex 10.413498340914327 -0.9444693961333237 0
    endloop
  endfacet
  facet normal 0 0 -1
    outer loop
      vertex 10.555596652454886 -2.3281149144471267 0
      vertex 10.667334976685492 -0.33165354742741804 0
      vertex 10.776301195658208 -2.1644292694156633 0
    endloop
  endfacet
  facet normal -0.24298017990326476 -0.9700312531945438 0
    outer loop
      vertex 8.187202903687506 -2.6794329400501846 0
      vertex 8.45374709835484 -2.746198785129045 0
      vertex 8.45374709835484 -2.746198785129045 10.8
    endloop
  endfacet
  facet normal -0.1467304744553631 -0.9891765099647808 0
    outer loop
      vertex 8.45374709835484 -2.746198785129045 0
      vertex 8.72555200707723 -2.7865172346821514 0
      vertex 8.72555200707723 -2.7865172346821514 10.8
    endloop
  endfacet
  facet normal -0.049067674327416856 -0.9987954562051724 0
    outer loop
      vertex 8.72555200707723 -2.7865172346821514 0
      vertex 9 -2.8 0
      vertex 9 -2.8 10.8
    endloop
  endfacet
  facet normal 0.049067674327416856 -0.9987954562051724 0
    outer loop
      vertex 9 -2.8 0
      vertex 9.27444799292277 -2.7865172346821514 0
      vertex 9.27444799292277 -2.7865172346821514 10.8
    endloop
  endfacet
  facet normal 0.1467304744553631 -0.9891765099647808 0
    outer loop
      vertex 9.27444799292277 -2.7865172346821514 0
      vertex 9.54625290164516 -2.746198785129045 0
      vertex 9.54625290164516 -2.746198785129045 10.8
    endloop
  endfacet
  facet normal 0.24298017990326476 -0.9700312531945438 0
    outer loop
      vertex 9.54625290164516 -2.746198785129045 0
      vertex 9.812797096312494 -2.6794329400501846 0
      vertex 9.812797096312494 -2.6794329400501846 10.8
    endloop
  endfacet
  facet normal 0.3368898533922199 -0.9415440651830208 0
    outer loop
      vertex 9.812797096312494 -2.6794329400501846 0
      vertex 10.071513610622251 -2.5868626910316026 0
      vertex 10.071513610622251 -2.5868626910316026 10.8
    endloop
  endfacet
  facet normal 0.42755509343027964 -0.9039892931234444 0
    outer loop
      vertex 10.071513610622251 -2.5868626910316026 0
      vertex 10.319910863112794 -2.469379540175394 0
      vertex 10.319910863112794 -2.469379540175394 10.8
    endloop
  endfacet
  facet normal 0.5141027441932228 -0.8577286100002715 0
    outer loop
      vertex 10.319910863112794 -2.469379540175394 0
      vertex 10.555596652454886 -2.3281149144471267 0
      vertex 10.555596652454886 -2.3281149144471267 10.8
    endloop
  endfacet
  facet normal 0.5956993044924326 -0.8032075314806454 0
    outer loop
      vertex 10.555596652454886 -2.3281149144471267 0
      vertex 10.776301195658208 -2.1644292694156633 0
      vertex 10.776301195658208 -2.1644292694156633 10.8
    endloop
  endfacet
  facet normal 0.6715589548470194 -0.7409511253549581 0
    outer loop
      vertex 10.776301195658208 -2.1644292694156633 0
      vertex 10.979898987322333 -1.9798989873223332 0
      vertex 10.979898987322333 -1.9798989873223332 10.8
    endloop
  endfacet
  facet normal 0.7409511253549591 -0.6715589548470183 0
    outer loop
      vertex 10.979898987322333 -1.9798989873223332 0
      vertex 11.164429269415663 -1.7763011956582073 0
      vertex 10.979898987322333 -1.9798989873223332 10.8
    endloop
  endfacet
  facet normal 0.8032075314806436 -0.5956993044924348 0
    outer loop
      vertex 11.164429269415663 -1.7763011956582073 0
      vertex 11.328114914447127 -1.555596652454886 0
      vertex 11.164429269415663 -1.7763011956582073 10.8
    endloop
  endfacet
  facet normal 0.8577286100002725 -0.5141027441932208 0
    outer loop
      vertex 11.328114914447127 -1.555596652454886 0
      vertex 11.469379540175394 -1.3199108631127934 0
      vertex 11.328114914447127 -1.555596652454886 10.8
    endloop
  endfacet
  facet normal 0 0 -1
    outer loop
      vertex 10.555596652454886 -2.3281149144471267 0
      vertex 10.413498340914327 -0.9444693961333237 0
      vertex 10.499266149392204 -0.8013744526041959 0
    endloop
  endfacet
  facet normal 0 0 -1
    outer loop
      vertex 10.555596652454886 -2.3281149144471267 0
      vertex 10.499266149392204 -0.8013744526041959 0
      vertex 10.570595205269187 -0.6505618350206526 0
    endloop
  endfacet
  facet normal 0 0 -1
    outer loop
      vertex 10.555596652454886 -2.3281149144471267 0
      vertex 10.570595205269187 -0.6505618350206526 0
      vertex 10.626798570744755 -0.49348395133258594 0
    endloop
  endfacet
  facet normal 0 0 -1
    outer loop
      vertex 10.555596652454886 -2.3281149144471267 0
      vertex 10.626798570744755 -0.49348395133258594 0
      vertex 10.667334976685492 -0.33165354742741804 0
    endloop
  endfacet
  facet normal 0 0 -1
    outer loop
      vertex 10.776301195658208 -2.1644292694156633 0
      vertex 10.667334976685492 -0.33165354742741804 0
      vertex 10.691814035342734 -0.16662913856025302 0
    endloop
  endfacet
  facet normal 0 0 -1
    outer loop
      vertex 10.776301195658208 -2.1644292694156633 0
      vertex 10.691814035342734 -0.16662913856025302 0
      vertex 10.7 0 0
    endloop
  endfacet
  facet normal 0 0 -1
    outer loop
      vertex 10.776301195658208 -2.1644292694156633 0
      vertex 10.979898987322333 1.9798989873223332 0
      vertex 10.979898987322333 -1.9798989873223332 0
    endloop
  endfacet
  facet normal 0 0 -1
    outer loop
      vertex 10.979898987322333 -1.9798989873223332 0
      vertex 11.164429269415663 1.7763011956582073 0
      vertex 11.164429269415663 -1.7763011956582073 0
    endloop
  endfacet
  facet normal 0 0 -1
    outer loop
      vertex 11.164429269415663 -1.7763011956582073 0
      vertex 11.328114914447127 1.555596652454886 0
      vertex 11.328114914447127 -1.555596652454886 0
    endloop
  endfacet
  facet normal 0 0 -1
    outer loop
      vertex 11.328114914447127 -1.555596652454886 0
      vertex 11.469379540175394 1.3199108631127934 0
      vertex 11.469379540175394 -1.3199108631127934 0
    endloop
  endfacet
  facet normal 0 0 -1
    outer loop
      vertex 11.469379540175394 -1.3199108631127934 0
      vertex 11.586862691031602 1.0715136106222514 0
      vertex 11.586862691031602 -1.0715136106222514 0
    endloop
  endfacet
  facet normal 0 0 -1
    outer loop
      vertex 11.586862691031602 -1.0715136106222514 0
      vertex 11.679432940050184 0.8127970963124945 0
      vertex 11.679432940050184 -0.8127970963124945 0
    endloop
  endfacet
  facet normal 0 0 -1
    outer loop
      vertex 11.679432940050184 -0.8127970963124945 0
      vertex 11.746198785129046 0.546252901645159 0
      vertex 11.746198785129046 -0.546252901645159 0
    endloop
  endfacet
  facet normal 0 0 -1
    outer loop
      vertex 11.746198785129046 -0.546252901645159 0
      vertex 11.786517234682151 0.27444799292276967 0
      vertex 11.786517234682151 -0.27444799292276967 0
    endloop
  endfacet
  facet normal 0.903989293123445 -0.42755509343027825 0
    outer loop
      vertex 11.469379540175394 -1.3199108631127934 0
      vertex 11.586862691031602 -1.0715136106222514 0
      vertex 11.469379540175394 -1.3199108631127934 10.8
    endloop
  endfacet
  facet normal 0.9415440651830207 -0.3368898533922203 0
    outer loop
      vertex 11.586862691031602 -1.0715136106222514 0
      vertex 11.679432940050184 -0.8127970963124945 0
      vertex 11.586862691031602 -1.0715136106222514 10.8
    endloop
  endfacet
  facet normal 0.9700312531945424 -0.24298017990326984 0
    outer loop
      vertex 11.679432940050184 -0.8127970963124945 0
      vertex 11.746198785129046 -0.546252901645159 0
      vertex 11.679432940050184 -0.8127970963124945 10.8
    endloop
  endfacet
  facet normal 0.9891765099647815 -0.1467304744553583 0
    outer loop
      vertex 11.746198785129046 -0.546252901645159 0
      vertex 11.786517234682151 -0.27444799292276967 0
      vertex 11.746198785129046 -0.546252901645159 10.8
    endloop
  endfacet
  facet normal 0.9987954562051723 -0.049067674327421776 0
    outer loop
      vertex 11.786517234682151 -0.27444799292276967 0
      vertex 11.8 0 0
      vertex 11.786517234682151 -0.27444799292276967 10.8
    endloop
  endfacet
  facet normal -0.42755509343027964 -0.9039892931234444 0
    outer loop
      vertex 7.680089136887206 -2.469379540175394 0
      vertex 7.928486389377749 -2.5868626910316026 10.8
      vertex 7.680089136887206 -2.469379540175394 10.8
    endloop
  endfacet
  facet normal -0.3368898533922199 -0.9415440651830208 0
    outer loop
      vertex 7.928486389377749 -2.5868626910316026 0
      vertex 8.187202903687506 -2.6794329400501846 10.8
      vertex 7.928486389377749 -2.5868626910316026 10.8
    endloop
  endfacet
  facet normal -0.5141027441932228 -0.8577286100002715 0
    outer loop
      vertex 7.444403347545114 -2.3281149144471267 0
      vertex 7.680089136887206 -2.469379540175394 10.8
      vertex 7.444403347545114 -2.3281149144471267 10.8
    endloop
  endfacet
  facet normal -0.5956993044924344 -0.8032075314806443 0
    outer loop
      vertex 7.223698804341793 -2.1644292694156633 0
      vertex 7.444403347545114 -2.3281149144471267 10.8
      vertex 7.223698804341793 -2.1644292694156633 10.8
    endloop
  endfacet
  facet normal -0.6715589548470179 -0.7409511253549595 0
    outer loop
      vertex 7.020101012677667 -1.9798989873223332 0
      vertex 7.223698804341793 -2.1644292694156633 10.8
      vertex 7.020101012677667 -1.9798989873223332 10.8
    endloop
  endfacet
  facet normal -0.7409511253549591 -0.6715589548470183 0
    outer loop
      vertex 7.020101012677667 -1.9798989873223332 0
      vertex 7.020101012677667 -1.9798989873223332 10.8
      vertex 6.835570730584337 -1.7763011956582073 10.8
    endloop
  endfacet
  facet normal -0.8032075314806436 -0.5956993044924348 0
    outer loop
      vertex 6.835570730584337 -1.7763011956582073 0
      vertex 6.835570730584337 -1.7763011956582073 10.8
      vertex 6.671885085552873 -1.555596652454886 10.8
    endloop
  endfacet
  facet normal -0.8577286100002725 -0.5141027441932208 0
    outer loop
      vertex 6.671885085552873 -1.555596652454886 0
      vertex 6.671885085552873 -1.555596652454886 10.8
      vertex 6.530620459824606 -1.3199108631127934 10.8
    endloop
  endfacet
  facet normal 0 0 1
    outer loop
      vertex 7.928486389377749 -2.5868626910316026 10.8
      vertex 8.187202903687506 -2.6794329400501846 10.8
      vertex 8.055530603866677 -1.413498340914327 10.8
    endloop
  endfacet
  facet normal 0 0 1
    outer loop
      vertex 7.444403347545114 -2.3281149144471267 10.8
      vertex 7.680089136887206 -2.469379540175394 10.8
      vertex 7.586501659085673 -0.9444693961333237 10.8
    endloop
  endfacet
  facet normal 0 0 1
    outer loop
      vertex 7.680089136887206 -2.469379540175394 10.8
      vertex 7.928486389377749 -2.5868626910316026 10.8
      vertex 7.797918471982869 -1.2020815280171309 10.8
    endloop
  endfacet
  facet normal 0 0 1
    outer loop
      vertex 8.187202903687506 -2.6794329400501846 10.8
      vertex 8.198625547395803 -1.4992661493922035 10.8
      vertex 8.055530603866677 -1.413498340914327 10.8
    endloop
  endfacet
  facet normal 0 0 1
    outer loop
      vertex 7.928486389377749 -2.5868626910316026 10.8
      vertex 8.055530603866677 -1.413498340914327 10.8
      vertex 7.921531416921803 -1.314117770716653 10.8
    endloop
  endfacet
  facet normal 0 0 1
    outer loop
      vertex 7.223698804341793 -2.1644292694156633 10.8
      vertex 7.444403347545114 -2.3281149144471267 10.8
      vertex 7.332665023314508 -0.33165354742741804 10.8
    endloop
  endfacet
  facet normal 0 0 1
    outer loop
      vertex 7.680089136887206 -2.469379540175394 10.8
      vertex 7.685882229283347 -1.0784685830781973 10.8
      vertex 7.586501659085673 -0.9444693961333237 10.8
    endloop
  endfacet
  facet normal 0 0 1
    outer loop
      vertex 7.928486389377749 -2.5868626910316026 10.8
      vertex 7.921531416921803 -1.314117770716653 10.8
      vertex 7.797918471982869 -1.2020815280171309 10.8
    endloop
  endfacet
  facet normal 0 0 1
    outer loop
      vertex 7.680089136887206 -2.469379540175394 10.8
      vertex 7.797918471982869 -1.2020815280171309 10.8
      vertex 7.685882229283347 -1.0784685830781973 10.8
    endloop
  endfacet
  facet normal -0.9700312531945441 -0.24298017990326382 0
    outer loop
      vertex 6.320567059949815 -0.8127970963124945 0
      vertex 6.320567059949815 -0.8127970963124945 10.8
      vertex 6.253801214870955 -0.546252901645159 10.8
    endloop
  endfacet
  facet normal -0.989176509964781 -0.14673047445536144 0
    outer loop
      vertex 6.253801214870955 -0.546252901645159 0
      vertex 6.253801214870955 -0.546252901645159 10.8
      vertex 6.213482765317849 -0.27444799292276967 10.8
    endloop
  endfacet
  facet normal -0.9987954562051724 -0.049067674327418556 0
    outer loop
      vertex 6.213482765317849 -0.27444799292276967 0
      vertex 6.213482765317849 -0.27444799292276967 10.8
      vertex 6.2 0 10.8
    endloop
  endfacet
  facet normal -0.903989293123444 -0.427555093430281 0
    outer loop
      vertex 6.530620459824606 -1.3199108631127934 0
      vertex 6.530620459824606 -1.3199108631127934 10.8
      vertex 6.413137308968397 -1.0715136106222514 10.8
    endloop
  endfacet
  facet normal -0.9415440651830207 -0.3368898533922203 0
    outer loop
      vertex 6.413137308968397 -1.0715136106222514 0
      vertex 6.413137308968397 -1.0715136106222514 10.8
      vertex 6.320567059949815 -0.8127970963124945 10.8
    endloop
  endfacet
  facet normal 0 0 1
    outer loop
      vertex 6.320567059949815 -0.8127970963124945 10.8
      vertex 6.253801214870955 0.546252901645159 10.8
      vertex 6.253801214870955 -0.546252901645159 10.8
    endloop
  endfacet
  facet normal 0 0 1
    outer loop
      vertex 6.253801214870955 -0.546252901645159 10.8
      vertex 6.213482765317849 0.27444799292276967 10.8
      vertex 6.213482765317849 -0.27444799292276967 10.8
    endloop
  endfacet
  facet normal 0 0 1
    outer loop
      vertex 7.223698804341793 -2.1644292694156633 10.8
      vertex 7.020101012677667 1.9798989873223332 10.8
      vertex 7.020101012677667 -1.9798989873223332 10.8
    endloop
  endfacet
  facet normal 0 0 1
    outer loop
      vertex 7.444403347545114 -2.3281149144471267 10.8
      vertex 7.500733850607796 -0.8013744526041959 10.8
      vertex 7.429404794730813 -0.6505618350206526 10.8
    endloop
  endfacet
  facet normal 0 0 1
    outer loop
      vertex 7.444403347545114 -2.3281149144471267 10.8
      vertex 7.586501659085673 -0.9444693961333237 10.8
      vertex 7.500733850607796 -0.8013744526041959 10.8
    endloop
  endfacet
  facet normal 0 0 1
    outer loop
      vertex 7.444403347545114 -2.3281149144471267 10.8
      vertex 7.429404794730813 -0.6505618350206526 10.8
      vertex 7.373201429255245 -0.49348395133258594 10.8
    endloop
  endfacet
  facet normal 0 0 1
    outer loop
      vertex 7.444403347545114 -2.3281149144471267 10.8
      vertex 7.373201429255245 -0.49348395133258594 10.8
      vertex 7.332665023314508 -0.33165354742741804 10.8
    endloop
  endfacet
  facet normal 0 0 1
    outer loop
      vertex 7.223698804341793 -2.1644292694156633 10.8
      vertex 7.332665023314508 -0.33165354742741804 10.8
      vertex 7.308185964657265 -0.16662913856025302 10.8
    endloop
  endfacet
  facet normal 0 0 1
    outer loop
      vertex 7.223698804341793 -2.1644292694156633 10.8
      vertex 7.308185964657265 -0.16662913856025302 10.8
      vertex 7.3 0 10.8
    endloop
  endfacet
  facet normal 0 0 1
    outer loop
      vertex 6.835570730584337 -1.7763011956582073 10.8
      vertex 6.671885085552873 1.555596652454886 10.8
      vertex 6.671885085552873 -1.555596652454886 10.8
    endloop
  endfacet
  facet normal 0 0 1
    outer loop
      vertex 6.530620459824606 -1.3199108631127934 10.8
      vertex 6.413137308968397 1.0715136106222514 10.8
      vertex 6.413137308968397 -1.0715136106222514 10.8
    endloop
  endfacet
  facet normal 0 0 1
    outer loop
      vertex 6.413137308968397 -1.0715136106222514 10.8
      vertex 6.320567059949815 0.8127970963124945 10.8
      vertex 6.320567059949815 -0.8127970963124945 10.8
    endloop
  endfacet
  facet normal 0 0 1
    outer loop
      vertex 6.671885085552873 -1.555596652454886 10.8
      vertex 6.530620459824606 1.3199108631127934 10.8
      vertex 6.530620459824606 -1.3199108631127934 10.8
    endloop
  endfacet
  facet normal 0 0 1
    outer loop
      vertex 6.835570730584337 -1.7763011956582073 10.8
      vertex 7.020101012677667 -1.9798989873223332 10.8
      vertex 6.835570730584337 1.7763011956582073 10.8
    endloop
  endfacet
  facet normal -0.24298017990326476 -0.9700312531945438 0
    outer loop
      vertex 8.187202903687506 -2.6794329400501846 0
      vertex 8.45374709835484 -2.746198785129045 10.8
      vertex 8.187202903687506 -2.6794329400501846 10.8
    endloop
  endfacet
  facet normal -0.1467304744553631 -0.9891765099647808 0
    outer loop
      vertex 8.45374709835484 -2.746198785129045 0
      vertex 8.72555200707723 -2.7865172346821514 10.8
      vertex 8.45374709835484 -2.746198785129045 10.8
    endloop
  endfacet
  facet normal -0.049067674327416856 -0.9987954562051724 0
    outer loop
      vertex 8.72555200707723 -2.7865172346821514 0
      vertex 9 -2.8 10.8
      vertex 8.72555200707723 -2.7865172346821514 10.8
    endloop
  endfacet
  facet normal 0.049067674327416856 -0.9987954562051724 0
    outer loop
      vertex 9 -2.8 0
      vertex 9.27444799292277 -2.7865172346821514 10.8
      vertex 9 -2.8 10.8
    endloop
  endfacet
  facet normal 0.1467304744553631 -0.9891765099647808 0
    outer loop
      vertex 9.27444799292277 -2.7865172346821514 0
      vertex 9.54625290164516 -2.746198785129045 10.8
      vertex 9.27444799292277 -2.7865172346821514 10.8
    endloop
  endfacet
  facet normal 0.24298017990326476 -0.9700312531945438 0
    outer loop
      vertex 9.54625290164516 -2.746198785129045 0
      vertex 9.812797096312494 -2.6794329400501846 10.8
      vertex 9.54625290164516 -2.746198785129045 10.8
    endloop
  endfacet
  facet normal 0.3368898533922199 -0.9415440651830208 0
    outer loop
      vertex 9.812797096312494 -2.6794329400501846 0
      vertex 10.071513610622251 -2.5868626910316026 10.8
      vertex 9.812797096312494 -2.6794329400501846 10.8
    endloop
  endfacet
  facet normal 0.42755509343027964 -0.9039892931234444 0
    outer loop
      vertex 10.071513610622251 -2.5868626910316026 0
      vertex 10.319910863112794 -2.469379540175394 10.8
      vertex 10.071513610622251 -2.5868626910316026 10.8
    endloop
  endfacet
  facet normal 0.5141027441932228 -0.8577286100002715 0
    outer loop
      vertex 10.319910863112794 -2.469379540175394 0
      vertex 10.555596652454886 -2.3281149144471267 10.8
      vertex 10.319910863112794 -2.469379540175394 10.8
    endloop
  endfacet
  facet normal 0.5956993044924326 -0.8032075314806454 0
    outer loop
      vertex 10.555596652454886 -2.3281149144471267 0
      vertex 10.776301195658208 -2.1644292694156633 10.8
      vertex 10.555596652454886 -2.3281149144471267 10.8
    endloop
  endfacet
  facet normal 0.6715589548470194 -0.7409511253549581 0
    outer loop
      vertex 10.776301195658208 -2.1644292694156633 0
      vertex 10.979898987322333 -1.9798989873223332 10.8
      vertex 10.776301195658208 -2.1644292694156633 10.8
    endloop
  endfacet
  facet normal 0.7409511253549591 -0.6715589548470183 0
    outer loop
      vertex 11.164429269415663 -1.7763011956582073 0
      vertex 11.164429269415663 -1.7763011956582073 10.8
      vertex 10.979898987322333 -1.9798989873223332 10.8
    endloop
  endfacet
  facet normal 0.8032075314806436 -0.5956993044924348 0
    outer loop
      vertex 11.328114914447127 -1.555596652454886 0
      vertex 11.328114914447127 -1.555596652454886 10.8
      vertex 11.164429269415663 -1.7763011956582073 10.8
    endloop
  endfacet
  facet normal 0 0 1
    outer loop
      vertex 8.187202903687506 -2.6794329400501846 10.8
      vertex 8.45374709835484 -2.746198785129045 10.8
      vertex 8.349438164979347 -1.5705952052691874 10.8
    endloop
  endfacet
  facet normal 0 0 1
    outer loop
      vertex 8.45374709835484 -2.746198785129045 10.8
      vertex 8.72555200707723 -2.7865172346821514 10.8
      vertex 8.668346452572582 -1.6673349766854917 10.8
    endloop
  endfacet
  facet normal 0 0 1
    outer loop
      vertex 8.72555200707723 -2.7865172346821514 10.8
      vertex 9 -2.8 10.8
      vertex 8.833370861439747 -1.6918140353427347 10.8
    endloop
  endfacet
  facet normal 0 0 1
    outer loop
      vertex 9 -2.8 10.8
      vertex 9.27444799292277 -2.7865172346821514 10.8
      vertex 9.166629138560253 -1.6918140353427347 10.8
    endloop
  endfacet
  facet normal 0 0 1
    outer loop
      vertex 9.27444799292277 -2.7865172346821514 10.8
      vertex 9.54625290164516 -2.746198785129045 10.8
      vertex 9.166629138560253 -1.6918140353427347 10.8
    endloop
  endfacet
  facet normal 0 0 1
    outer loop
      vertex 9.54625290164516 -2.746198785129045 10.8
      vertex 9.812797096312494 -2.6794329400501846 10.8
      vertex 9.493483951332585 -1.626798570744755 10.8
    endloop
  endfacet
  facet normal 0 0 1
    outer loop
      vertex 9.812797096312494 -2.6794329400501846 10.8
      vertex 10.071513610622251 -2.5868626910316026 10.8
      vertex 9.801374452604197 -1.4992661493922035 10.8
    endloop
  endfacet
  facet normal 0 0 1
    outer loop
      vertex 8.45374709835484 -2.746198785129045 10.8
      vertex 8.668346452572582 -1.6673349766854917 10.8
      vertex 8.506516048667415 -1.626798570744755 10.8
    endloop
  endfacet
  facet normal 0 0 1
    outer loop
      vertex 8.45374709835484 -2.746198785129045 10.8
      vertex 8.506516048667415 -1.626798570744755 10.8
      vertex 8.349438164979347 -1.5705952052691874 10.8
    endloop
  endfacet
  facet normal 0 0 1
    outer loop
      vertex 8.187202903687506 -2.6794329400501846 10.8
      vertex 8.349438164979347 -1.5705952052691874 10.8
      vertex 8.198625547395803 -1.4992661493922035 10.8
    endloop
  endfacet
  facet normal 0 0 1
    outer loop
      vertex 8.72555200707723 -2.7865172346821514 10.8
      vertex 8.833370861439747 -1.6918140353427347 10.8
      vertex 8.668346452572582 -1.6673349766854917 10.8
    endloop
  endfacet
  facet normal 0 0 1
    outer loop
      vertex 9 -2.8 10.8
      vertex 9 -1.7 10.8
      vertex 8.833370861439747 -1.6918140353427347 10.8
    endloop
  endfacet
  facet normal 0 0 1
    outer loop
      vertex 9 -2.8 10.8
      vertex 9.166629138560253 -1.6918140353427347 10.8
      vertex 9 -1.7 10.8
    endloop
  endfacet
  facet normal 0 0 1
    outer loop
      vertex 9.54625290164516 -2.746198785129045 10.8
      vertex 9.331653547427418 -1.6673349766854917 10.8
      vertex 9.166629138560253 -1.6918140353427347 10.8
    endloop
  endfacet
  facet normal 0 0 1
    outer loop
      vertex 9.54625290164516 -2.746198785129045 10.8
      vertex 9.493483951332585 -1.626798570744755 10.8
      vertex 9.331653547427418 -1.6673349766854917 10.8
    endloop
  endfacet
  facet normal 0 0 1
    outer loop
      vertex 9.812797096312494 -2.6794329400501846 10.8
      vertex 9.650561835020653 -1.5705952052691874 10.8
      vertex 9.493483951332585 -1.626798570744755 10.8
    endloop
  endfacet
  facet normal 0 0 1
    outer loop
      vertex 9.812797096312494 -2.6794329400501846 10.8
      vertex 9.801374452604197 -1.4992661493922035 10.8
      vertex 9.650561835020653 -1.5705952052691874 10.8
    endloop
  endfacet
  facet normal 0 0 1
    outer loop
      vertex 10.071513610622251 -2.5868626910316026 10.8
      vertex 9.944469396133323 -1.413498340914327 10.8
      vertex 9.801374452604197 -1.4992661493922035 10.8
    endloop
  endfacet
  facet normal 0 0 1
    outer loop
      vertex 10.071513610622251 -2.5868626910316026 10.8
      vertex 10.319910863112794 -2.469379540175394 10.8
      vertex 9.944469396133323 -1.413498340914327 10.8
    endloop
  endfacet
  facet normal 0 0 1
    outer loop
      vertex 10.319910863112794 -2.469379540175394 10.8
      vertex 10.555596652454886 -2.3281149144471267 10.8
      vertex 10.314117770716653 -1.0784685830781973 10.8
    endloop
  endfacet
  facet normal 0 0 1
    outer loop
      vertex 10.555596652454886 -2.3281149144471267 10.8
      vertex 10.776301195658208 -2.1644292694156633 10.8
      vertex 10.499266149392204 -0.8013744526041959 10.8
    endloop
  endfacet
  facet normal 0 0 1
    outer loop
      vertex 10.319910863112794 -2.469379540175394 10.8
      vertex 10.078468583078198 -1.314117770716653 10.8
      vertex 9.944469396133323 -1.413498340914327 10.8
    endloop
  endfacet
  facet normal 0 0 1
    outer loop
      vertex 10.319910863112794 -2.469379540175394 10.8
      vertex 10.20208152801713 -1.2020815280171309 10.8
      vertex 10.078468583078198 -1.314117770716653 10.8
    endloop
  endfacet
  facet normal 0 0 1
    outer loop
      vertex 10.319910863112794 -2.469379540175394 10.8
      vertex 10.314117770716653 -1.0784685830781973 10.8
      vertex 10.20208152801713 -1.2020815280171309 10.8
    endloop
  endfacet
  facet normal 0 0 1
    outer loop
      vertex 10.555596652454886 -2.3281149144471267 10.8
      vertex 10.413498340914327 -0.9444693961333237 10.8
      vertex 10.314117770716653 -1.0784685830781973 10.8
    endloop
  endfacet
  facet normal 0.8577286100002725 -0.5141027441932208 0
    outer loop
      vertex 11.469379540175394 -1.3199108631127934 0
      vertex 11.469379540175394 -1.3199108631127934 10.8
      vertex 11.328114914447127 -1.555596652454886 10.8
    endloop
  endfacet
  facet normal 0.903989293123445 -0.42755509343027825 0
    outer loop
      vertex 11.586862691031602 -1.0715136106222514 0
      vertex 11.586862691031602 -1.0715136106222514 10.8
      vertex 11.469379540175394 -1.3199108631127934 10.8
    endloop
  endfacet
  facet normal 0.9415440651830207 -0.3368898533922203 0
    outer loop
      vertex 11.679432940050184 -0.8127970963124945 0
      vertex 11.679432940050184 -0.8127970963124945 10.8
      vertex 11.586862691031602 -1.0715136106222514 10.8
    endloop
  endfacet
  facet normal 0.9700312531945424 -0.24298017990326984 0
    outer loop
      vertex 11.746198785129046 -0.546252901645159 0
      vertex 11.746198785129046 -0.546252901645159 10.8
      vertex 11.679432940050184 -0.8127970963124945 10.8
    endloop
  endfacet
  facet normal 0.9891765099647815 -0.1467304744553583 0
    outer loop
      vertex 11.786517234682151 -0.27444799292276967 0
      vertex 11.786517234682151 -0.27444799292276967 10.8
      vertex 11.746198785129046 -0.546252901645159 10.8
    endloop
  endfacet
  facet normal 0.9987954562051723 -0.049067674327421776 0
    outer loop
      vertex 11.786517234682151 -0.27444799292276967 10.8
      vertex 11.8 0 0
      vertex 11.8 0 10.8
    endloop
  endfacet
  facet normal 0 0 1
    outer loop
      vertex 10.555596652454886 -2.3281149144471267 10.8
      vertex 10.499266149392204 -0.8013744526041959 10.8
      vertex 10.413498340914327 -0.9444693961333237 10.8
    endloop
  endfacet
  facet normal 0 0 1
    outer loop
      vertex 10.776301195658208 -2.1644292694156633 10.8
      vertex 10.570595205269187 -0.6505618350206526 10.8
      vertex 10.499266149392204 -0.8013744526041959 10.8
    endloop
  endfacet
  facet normal 0 0 1
    outer loop
      vertex 10.776301195658208 -2.1644292694156633 10.8
      vertex 10.626798570744755 -0.49348395133258594 10.8
      vertex 10.570595205269187 -0.6505618350206526 10.8
    endloop
  endfacet
  facet normal 0 0 1
    outer loop
      vertex 10.776301195658208 -2.1644292694156633 10.8
      vertex 10.667334976685492 -0.33165354742741804 10.8
      vertex 10.626798570744755 -0.49348395133258594 10.8
    endloop
  endfacet
  facet normal 0 0 1
    outer loop
      vertex 10.776301195658208 -2.1644292694156633 10.8
      vertex 10.691814035342734 -0.16662913856025302 10.8
      vertex 10.667334976685492 -0.33165354742741804 10.8
    endloop
  endfacet
  facet normal 0 0 1
    outer loop
      vertex 10.776301195658208 -2.1644292694156633 10.8
      vertex 10.7 0 10.8
      vertex 10.691814035342734 -0.16662913856025302 10.8
    endloop
  endfacet
  facet normal 0 0 1
    outer loop
      vertex 10.776301195658208 -2.1644292694156633 10.8
      vertex 10.979898987322333 -1.9798989873223332 10.8
      vertex 10.776301195658208 2.1644292694156633 10.8
    endloop
  endfacet
  facet normal 0 0 1
    outer loop
      vertex 10.979898987322333 -1.9798989873223332 10.8
      vertex 11.164429269415663 -1.7763011956582073 10.8
      vertex 10.979898987322333 1.9798989873223332 10.8
    endloop
  endfacet
  facet normal 0 0 1
    outer loop
      vertex 11.164429269415663 -1.7763011956582073 10.8
      vertex 11.328114914447127 -1.555596652454886 10.8
      vertex 11.164429269415663 1.7763011956582073 10.8
    endloop
  endfacet
  facet normal 0 0 1
    outer loop
      vertex 11.328114914447127 -1.555596652454886 10.8
      vertex 11.469379540175394 -1.3199108631127934 10.8
      vertex 11.328114914447127 1.555596652454886 10.8
    endloop
  endfacet
  facet normal 0 0 1
    outer loop
      vertex 11.469379540175394 -1.3199108631127934 10.8
      vertex 11.586862691031602 -1.0715136106222514 10.8
      vertex 11.469379540175394 1.3199108631127934 10.8
    endloop
  endfacet
  facet normal 0 0 1
    outer loop
      vertex 11.586862691031602 -1.0715136106222514 10.8
      vertex 11.679432940050184 -0.8127970963124945 10.8
      vertex 11.586862691031602 1.0715136106222514 10.8
    endloop
  endfacet
  facet normal 0 0 1
    outer loop
      vertex 11.679432940050184 -0.8127970963124945 10.8
      vertex 11.746198785129046 -0.546252901645159 10.8
      vertex 11.679432940050184 0.8127970963124945 10.8
    endloop
  endfacet
  facet normal 0 0 1
    outer loop
      vertex 11.746198785129046 -0.546252901645159 10.8
      vertex 11.786517234682151 -0.27444799292276967 10.8
      vertex 11.746198785129046 0.546252901645159 10.8
    endloop
  endfacet
  facet normal 0 0 -1
    outer loop
      vertex 6.213482765317849 -0.27444799292276967 0
      vertex 6.2 0 0
      vertex 6.213482765317849 0.27444799292276967 0
    endloop
  endfacet
  facet normal 0 0 -1
    outer loop
      vertex 6.213482765317849 -0.27444799292276967 0
      vertex 6.213482765317849 0.27444799292276967 0
      vertex 6.253801214870955 0.546252901645159 0
    endloop
  endfacet
  facet normal 0 0 -1
    outer loop
      vertex 6.253801214870955 -0.546252901645159 0
      vertex 6.253801214870955 0.546252901645159 0
      vertex 6.320567059949815 0.8127970963124945 0
    endloop
  endfacet
  facet normal 0 0 -1
    outer loop
      vertex 6.320567059949815 -0.8127970963124945 0
      vertex 6.320567059949815 0.8127970963124945 0
      vertex 6.413137308968397 1.0715136106222514 0
    endloop
  endfacet
  facet normal 0 0 -1
    outer loop
      vertex 6.413137308968397 -1.0715136106222514 0
      vertex 6.413137308968397 1.0715136106222514 0
      vertex 6.530620459824606 1.3199108631127934 0
    endloop
  endfacet
  facet normal 0 0 -1
    outer loop
      vertex 6.530620459824606 -1.3199108631127934 0
      vertex 6.530620459824606 1.3199108631127934 0
      vertex 6.671885085552873 1.555596652454886 0
    endloop
  endfacet
  facet normal 0 0 -1
    outer loop
      vertex 6.671885085552873 -1.555596652454886 0
      vertex 6.671885085552873 1.555596652454886 0
      vertex 6.835570730584337 1.7763011956582073 0
    endloop
  endfacet
  facet normal 0 0 -1
    outer loop
      vertex 6.835570730584337 -1.7763011956582073 0
      vertex 6.835570730584337 1.7763011956582073 0
      vertex 7.020101012677667 1.9798989873223332 0
    endloop
  endfacet
  facet normal 0 0 -1
    outer loop
      vertex 7.223698804341793 -2.1644292694156633 0
      vertex 7.223698804341793 2.1644292694156633 0
      vertex 7.3 0 0
    endloop
  endfacet
  facet normal 0 0 -1
    outer loop
      vertex 7.020101012677667 -1.9798989873223332 0
      vertex 7.020101012677667 1.9798989873223332 0
      vertex 7.223698804341793 2.1644292694156633 0
    endloop
  endfacet
  facet normal 0 0 -1
    outer loop
      vertex 7.223698804341793 2.1644292694156633 0
      vertex 7.308185964657265 0.16662913856025302 0
      vertex 7.3 0 0
    endloop
  endfacet
  facet normal 0 0 -1
    outer loop
      vertex 7.223698804341793 2.1644292694156633 0
      vertex 7.332665023314508 0.33165354742741804 0
      vertex 7.308185964657265 0.16662913856025302 0
    endloop
  endfacet
  facet normal 0 0 -1
    outer loop
      vertex 7.444403347545114 2.3281149144471267 0
      vertex 7.373201429255245 0.49348395133258594 0
      vertex 7.332665023314508 0.33165354742741804 0
    endloop
  endfacet
  facet normal 0 0 -1
    outer loop
      vertex 7.444403347545114 2.3281149144471267 0
      vertex 7.429404794730813 0.6505618350206526 0
      vertex 7.373201429255245 0.49348395133258594 0
    endloop
  endfacet
  facet normal 0 0 -1
    outer loop
      vertex 7.444403347545114 2.3281149144471267 0
      vertex 7.500733850607796 0.8013744526041959 0
      vertex 7.429404794730813 0.6505618350206526 0
    endloop
  endfacet
  facet normal 0 0 -1
    outer loop
      vertex 7.444403347545114 2.3281149144471267 0
      vertex 7.586501659085673 0.9444693961333237 0
      vertex 7.500733850607796 0.8013744526041959 0
    endloop
  endfacet
  facet normal -0.9987954562051724 0.049067674327418556 0
    outer loop
      vertex 6.2 0 0
      vertex 6.213482765317849 0.27444799292276967 10.8
      vertex 6.213482765317849 0.27444799292276967 0
    endloop
  endfacet
  facet normal -0.989176509964781 0.14673047445536144 0
    outer loop
      vertex 6.213482765317849 0.27444799292276967 0
      vertex 6.253801214870955 0.546252901645159 10.8
      vertex 6.253801214870955 0.546252901645159 0
    endloop
  endfacet
  facet normal -0.9700312531945441 0.24298017990326382 0
    outer loop
      vertex 6.253801214870955 0.546252901645159 0
      vertex 6.320567059949815 0.8127970963124945 10.8
      vertex 6.320567059949815 0.8127970963124945 0
    endloop
  endfacet
  facet normal -0.9415440651830207 0.3368898533922203 0
    outer loop
      vertex 6.320567059949815 0.8127970963124945 0
      vertex 6.413137308968397 1.0715136106222514 10.8
      vertex 6.413137308968397 1.0715136106222514 0
    endloop
  endfacet
  facet normal -0.903989293123444 0.427555093430281 0
    outer loop
      vertex 6.413137308968397 1.0715136106222514 0
      vertex 6.530620459824606 1.3199108631127934 10.8
      vertex 6.530620459824606 1.3199108631127934 0
    endloop
  endfacet
  facet normal 0 0 -1
    outer loop
      vertex 7.680089136887206 2.469379540175394 0
      vertex 7.685882229283347 1.0784685830781973 0
      vertex 7.586501659085673 0.9444693961333237 0
    endloop
  endfacet
  facet normal 0 0 -1
    outer loop
      vertex 7.223698804341793 2.1644292694156633 0
      vertex 7.444403347545114 2.3281149144471267 0
      vertex 7.332665023314508 0.33165354742741804 0
    endloop
  endfacet
  facet normal 0 0 -1
    outer loop
      vertex 7.680089136887206 2.469379540175394 0
      vertex 7.797918471982869 1.2020815280171309 0
      vertex 7.685882229283347 1.0784685830781973 0
    endloop
  endfacet
  facet normal 0 0 -1
    outer loop
      vertex 7.928486389377749 2.5868626910316026 0
      vertex 7.921531416921803 1.314117770716653 0
      vertex 7.797918471982869 1.2020815280171309 0
    endloop
  endfacet
  facet normal 0 0 -1
    outer loop
      vertex 7.444403347545114 2.3281149144471267 0
      vertex 7.680089136887206 2.469379540175394 0
      vertex 7.586501659085673 0.9444693961333237 0
    endloop
  endfacet
  facet normal 0 0 -1
    outer loop
      vertex 7.928486389377749 2.5868626910316026 0
      vertex 8.055530603866677 1.413498340914327 0
      vertex 7.921531416921803 1.314117770716653 0
    endloop
  endfacet
  facet normal 0 0 -1
    outer loop
      vertex 8.187202903687506 2.6794329400501846 0
      vertex 8.198625547395803 1.4992661493922035 0
      vertex 8.055530603866677 1.413498340914327 0
    endloop
  endfacet
  facet normal 0 0 -1
    outer loop
      vertex 7.680089136887206 2.469379540175394 0
      vertex 7.928486389377749 2.5868626910316026 0
      vertex 7.797918471982869 1.2020815280171309 0
    endloop
  endfacet
  facet normal 0 0 -1
    outer loop
      vertex 7.928486389377749 2.5868626910316026 0
      vertex 8.187202903687506 2.6794329400501846 0
      vertex 8.055530603866677 1.413498340914327 0
    endloop
  endfacet
  facet normal -0.8577286100002725 0.5141027441932208 0
    outer loop
      vertex 6.530620459824606 1.3199108631127934 0
      vertex 6.671885085552873 1.555596652454886 10.8
      vertex 6.671885085552873 1.555596652454886 0
    endloop
  endfacet
  facet normal -0.8032075314806436 0.5956993044924348 0
    outer loop
      vertex 6.671885085552873 1.555596652454886 0
      vertex 6.835570730584337 1.7763011956582073 10.8
      vertex 6.835570730584337 1.7763011956582073 0
    endloop
  endfacet
  facet normal -0.7409511253549591 0.6715589548470183 0
    outer loop
      vertex 6.835570730584337 1.7763011956582073 0
      vertex 7.020101012677667 1.9798989873223332 10.8
      vertex 7.020101012677667 1.9798989873223332 0
    endloop
  endfacet
  facet normal -0.6715589548470179 0.7409511253549595 0
    outer loop
      vertex 7.020101012677667 1.9798989873223332 0
      vertex 7.020101012677667 1.9798989873223332 10.8
      vertex 7.223698804341793 2.1644292694156633 0
    endloop
  endfacet
  facet normal -0.5956993044924344 0.8032075314806443 0
    outer loop
      vertex 7.223698804341793 2.1644292694156633 0
      vertex 7.223698804341793 2.1644292694156633 10.8
      vertex 7.444403347545114 2.3281149144471267 0
    endloop
  endfacet
  facet normal -0.5141027441932228 0.8577286100002715 0
    outer loop
      vertex 7.444403347545114 2.3281149144471267 0
      vertex 7.444403347545114 2.3281149144471267 10.8
      vertex 7.680089136887206 2.469379540175394 0
    endloop
  endfacet
  facet normal -0.42755509343027964 0.9039892931234444 0
    outer loop
      vertex 7.680089136887206 2.469379540175394 0
      vertex 7.680089136887206 2.469379540175394 10.8
      vertex 7.928486389377749 2.5868626910316026 0
    endloop
  endfacet
  facet normal -0.3368898533922199 0.9415440651830208 0
    outer loop
      vertex 7.928486389377749 2.5868626910316026 0
      vertex 7.928486389377749 2.5868626910316026 10.8
      vertex 8.187202903687506 2.6794329400501846 0
    endloop
  endfacet
  facet normal 0 0 -1
    outer loop
      vertex 10.776301195658208 -2.1644292694156633 0
      vertex 10.7 0 0
      vertex 10.776301195658208 2.1644292694156633 0
    endloop
  endfacet
  facet normal 0 0 -1
    outer loop
      vertex 10.776301195658208 -2.1644292694156633 0
      vertex 10.776301195658208 2.1644292694156633 0
      vertex 10.979898987322333 1.9798989873223332 0
    endloop
  endfacet
  facet normal 0 0 -1
    outer loop
      vertex 11.786517234682151 -0.27444799292276967 0
      vertex 11.786517234682151 0.27444799292276967 0
      vertex 11.8 0 0
    endloop
  endfacet
  facet normal 0 0 -1
    outer loop
      vertex 11.746198785129046 -0.546252901645159 0
      vertex 11.746198785129046 0.546252901645159 0
      vertex 11.786517234682151 0.27444799292276967 0
    endloop
  endfacet
  facet normal 0 0 -1
    outer loop
      vertex 11.679432940050184 -0.8127970963124945 0
      vertex 11.679432940050184 0.8127970963124945 0
      vertex 11.746198785129046 0.546252901645159 0
    endloop
  endfacet
  facet normal 0 0 -1
    outer loop
      vertex 11.586862691031602 -1.0715136106222514 0
      vertex 11.586862691031602 1.0715136106222514 0
      vertex 11.679432940050184 0.8127970963124945 0
    endloop
  endfacet
  facet normal 0 0 -1
    outer loop
      vertex 11.164429269415663 -1.7763011956582073 0
      vertex 11.164429269415663 1.7763011956582073 0
      vertex 11.328114914447127 1.555596652454886 0
    endloop
  endfacet
  facet normal 0 0 -1
    outer loop
      vertex 10.979898987322333 -1.9798989873223332 0
      vertex 10.979898987322333 1.9798989873223332 0
      vertex 11.164429269415663 1.7763011956582073 0
    endloop
  endfacet
  facet normal 0 0 -1
    outer loop
      vertex 11.469379540175394 -1.3199108631127934 0
      vertex 11.469379540175394 1.3199108631127934 0
      vertex 11.586862691031602 1.0715136106222514 0
    endloop
  endfacet
  facet normal 0 0 -1
    outer loop
      vertex 11.328114914447127 -1.555596652454886 0
      vertex 11.328114914447127 1.555596652454886 0
      vertex 11.469379540175394 1.3199108631127934 0
    endloop
  endfacet
  facet normal 0 0 -1
    outer loop
      vertex 10.776301195658208 2.1644292694156633 0
      vertex 10.7 0 0
      vertex 10.691814035342734 0.16662913856025302 0
    endloop
  endfacet
  facet normal 0 0 -1
    outer loop
      vertex 10.776301195658208 2.1644292694156633 0
      vertex 10.691814035342734 0.16662913856025302 0
      vertex 10.667334976685492 0.33165354742741804 0
    endloop
  endfacet
  facet normal 0 0 -1
    outer loop
      vertex 10.776301195658208 2.1644292694156633 0
      vertex 10.667334976685492 0.33165354742741804 0
      vertex 10.626798570744755 0.49348395133258594 0
    endloop
  endfacet
  facet normal 0 0 -1
    outer loop
      vertex 10.776301195658208 2.1644292694156633 0
      vertex 10.626798570744755 0.49348395133258594 0
      vertex 10.570595205269187 0.6505618350206526 0
    endloop
  endfacet
  facet normal 0 0 -1
    outer loop
      vertex 10.776301195658208 2.1644292694156633 0
      vertex 10.570595205269187 0.6505618350206526 0
      vertex 10.499266149392204 0.8013744526041959 0
    endloop
  endfacet
  facet normal 0 0 -1
    outer loop
      vertex 10.555596652454886 2.3281149144471267 0
      vertex 10.499266149392204 0.8013744526041959 0
      vertex 10.413498340914327 0.9444693961333237 0
    endloop
  endfacet
  facet normal 0.9987954562051723 0.049067674327421776 0
    outer loop
      vertex 11.8 0 0
      vertex 11.786517234682151 0.27444799292276967 0
      vertex 11.8 0 10.8
    endloop
  endfacet
  facet normal 0.9891765099647815 0.1467304744553583 0
    outer loop
      vertex 11.786517234682151 0.27444799292276967 0
      vertex 11.746198785129046 0.546252901645159 0
      vertex 11.786517234682151 0.27444799292276967 10.8
    endloop
  endfacet
  facet normal 0.9700312531945424 0.24298017990326984 0
    outer loop
      vertex 11.746198785129046 0.546252901645159 0
      vertex 11.679432940050184 0.8127970963124945 0
      vertex 11.746198785129046 0.546252901645159 10.8
    endloop
  endfacet
  facet normal 0.9415440651830207 0.3368898533922203 0
    outer loop
      vertex 11.679432940050184 0.8127970963124945 0
      vertex 11.586862691031602 1.0715136106222514 0
      vertex 11.679432940050184 0.8127970963124945 10.8
    endloop
  endfacet
  facet normal 0.903989293123445 0.42755509343027825 0
    outer loop
      vertex 11.586862691031602 1.0715136106222514 0
      vertex 11.469379540175394 1.3199108631127934 0
      vertex 11.586862691031602 1.0715136106222514 10.8
    endloop
  endfacet
  facet normal 0.8577286100002725 0.5141027441932208 0
    outer loop
      vertex 11.469379540175394 1.3199108631127934 0
      vertex 11.328114914447127 1.555596652454886 0
      vertex 11.469379540175394 1.3199108631127934 10.8
    endloop
  endfacet
  facet normal 0 0 -1
    outer loop
      vertex 8.187202903687506 2.6794329400501846 0
      vertex 8.349438164979347 1.5705952052691874 0
      vertex 8.198625547395803 1.4992661493922035 0
    endloop
  endfacet
  facet normal 0 0 -1
    outer loop
      vertex 8.45374709835484 2.746198785129045 0
      vertex 8.506516048667415 1.626798570744755 0
      vertex 8.349438164979347 1.5705952052691874 0
    endloop
  endfacet
  facet normal 0 0 -1
    outer loop
      vertex 8.45374709835484 2.746198785129045 0
      vertex 8.668346452572582 1.6673349766854917 0
      vertex 8.506516048667415 1.626798570744755 0
    endloop
  endfacet
  facet normal 0 0 -1
    outer loop
      vertex 8.72555200707723 2.7865172346821514 0
      vertex 8.833370861439747 1.6918140353427347 0
      vertex 8.668346452572582 1.6673349766854917 0
    endloop
  endfacet
  facet normal 0 0 -1
    outer loop
      vertex 9 2.8 0
      vertex 9 1.7 0
      vertex 8.833370861439747 1.6918140353427347 0
    endloop
  endfacet
  facet normal 0 0 -1
    outer loop
      vertex 9 2.8 0
      vertex 9.166629138560253 1.6918140353427347 0
      vertex 9 1.7 0
    endloop
  endfacet
  facet normal 0 0 -1
    outer loop
      vertex 9.54625290164516 2.746198785129045 0
      vertex 9.331653547427418 1.6673349766854917 0
      vertex 9.166629138560253 1.6918140353427347 0
    endloop
  endfacet
  facet normal 0 0 -1
    outer loop
      vertex 9.54625290164516 2.746198785129045 0
      vertex 9.493483951332585 1.626798570744755 0
      vertex 9.331653547427418 1.6673349766854917 0
    endloop
  endfacet
  facet normal 0 0 -1
    outer loop
      vertex 10.071513610622251 2.5868626910316026 0
      vertex 9.944469396133323 1.413498340914327 0
      vertex 9.801374452604197 1.4992661493922035 0
    endloop
  endfacet
  facet normal 0 0 -1
    outer loop
      vertex 9.812797096312494 2.6794329400501846 0
      vertex 9.801374452604197 1.4992661493922035 0
      vertex 9.650561835020653 1.5705952052691874 0
    endloop
  endfacet
  facet normal 0 0 -1
    outer loop
      vertex 9.812797096312494 2.6794329400501846 0
      vertex 9.650561835020653 1.5705952052691874 0
      vertex 9.493483951332585 1.626798570744755 0
    endloop
  endfacet
  facet normal 0 0 -1
    outer loop
      vertex 8.187202903687506 2.6794329400501846 0
      vertex 8.45374709835484 2.746198785129045 0
      vertex 8.349438164979347 1.5705952052691874 0
    endloop
  endfacet
  facet normal 0 0 -1
    outer loop
      vertex 8.45374709835484 2.746198785129045 0
      vertex 8.72555200707723 2.7865172346821514 0
      vertex 8.668346452572582 1.6673349766854917 0
    endloop
  endfacet
  facet normal 0 0 -1
    outer loop
      vertex 8.72555200707723 2.7865172346821514 0
      vertex 9 2.8 0
      vertex 8.833370861439747 1.6918140353427347 0
    endloop
  endfacet
  facet normal 0 0 -1
    outer loop
      vertex 9 2.8 0
      vertex 9.27444799292277 2.7865172346821514 0
      vertex 9.166629138560253 1.6918140353427347 0
    endloop
  endfacet
  facet normal 0 0 -1
    outer loop
      vertex 9.27444799292277 2.7865172346821514 0
      vertex 9.54625290164516 2.746198785129045 0
      vertex 9.166629138560253 1.6918140353427347 0
    endloop
  endfacet
  facet normal 0 0 -1
    outer loop
      vertex 9.812797096312494 2.6794329400501846 0
      vertex 10.071513610622251 2.5868626910316026 0
      vertex 9.801374452604197 1.4992661493922035 0
    endloop
  endfacet
  facet normal 0 0 -1
    outer loop
      vertex 9.54625290164516 2.746198785129045 0
      vertex 9.812797096312494 2.6794329400501846 0
      vertex 9.493483951332585 1.626798570744755 0
    endloop
  endfacet
  facet normal 0 0 -1
    outer loop
      vertex 10.555596652454886 2.3281149144471267 0
      vertex 10.413498340914327 0.9444693961333237 0
      vertex 10.314117770716653 1.0784685830781973 0
    endloop
  endfacet
  facet normal 0 0 -1
    outer loop
      vertex 10.319910863112794 2.469379540175394 0
      vertex 10.20208152801713 1.2020815280171309 0
      vertex 10.078468583078198 1.314117770716653 0
    endloop
  endfacet
  facet normal 0 0 -1
    outer loop
      vertex 10.319910863112794 2.469379540175394 0
      vertex 10.078468583078198 1.314117770716653 0
      vertex 9.944469396133323 1.413498340914327 0
    endloop
  endfacet
  facet normal 0 0 -1
    outer loop
      vertex 10.319910863112794 2.469379540175394 0
      vertex 10.314117770716653 1.0784685830781973 0
      vertex 10.20208152801713 1.2020815280171309 0
    endloop
  endfacet
  facet normal 0 0 -1
    outer loop
      vertex 10.319910863112794 2.469379540175394 0
      vertex 10.555596652454886 2.3281149144471267 0
      vertex 10.314117770716653 1.0784685830781973 0
    endloop
  endfacet
  facet normal 0 0 -1
    outer loop
      vertex 10.555596652454886 2.3281149144471267 0
      vertex 10.776301195658208 2.1644292694156633 0
      vertex 10.499266149392204 0.8013744526041959 0
    endloop
  endfacet
  facet normal 0 0 -1
    outer loop
      vertex 10.071513610622251 2.5868626910316026 0
      vertex 10.319910863112794 2.469379540175394 0
      vertex 9.944469396133323 1.413498340914327 0
    endloop
  endfacet
  facet normal -0.24298017990326476 0.9700312531945438 0
    outer loop
      vertex 8.187202903687506 2.6794329400501846 0
      vertex 8.187202903687506 2.6794329400501846 10.8
      vertex 8.45374709835484 2.746198785129045 0
    endloop
  endfacet
  facet normal -0.1467304744553631 0.9891765099647808 0
    outer loop
      vertex 8.45374709835484 2.746198785129045 0
      vertex 8.45374709835484 2.746198785129045 10.8
      vertex 8.72555200707723 2.7865172346821514 0
    endloop
  endfacet
  facet normal -0.049067674327416856 0.9987954562051724 0
    outer loop
      vertex 8.72555200707723 2.7865172346821514 0
      vertex 8.72555200707723 2.7865172346821514 10.8
      vertex 9 2.8 0
    endloop
  endfacet
  facet normal 0.049067674327416856 0.9987954562051724 0
    outer loop
      vertex 9 2.8 0
      vertex 9 2.8 10.8
      vertex 9.27444799292277 2.7865172346821514 0
    endloop
  endfacet
  facet normal 0.1467304744553631 0.9891765099647808 0
    outer loop
      vertex 9.27444799292277 2.7865172346821514 0
      vertex 9.27444799292277 2.7865172346821514 10.8
      vertex 9.54625290164516 2.746198785129045 0
    endloop
  endfacet
  facet normal 0.24298017990326476 0.9700312531945438 0
    outer loop
      vertex 9.54625290164516 2.746198785129045 0
      vertex 9.54625290164516 2.746198785129045 10.8
      vertex 9.812797096312494 2.6794329400501846 0
    endloop
  endfacet
  facet normal 0.3368898533922199 0.9415440651830208 0
    outer loop
      vertex 9.812797096312494 2.6794329400501846 0
      vertex 9.812797096312494 2.6794329400501846 10.8
      vertex 10.071513610622251 2.5868626910316026 0
    endloop
  endfacet
  facet normal 0.8032075314806436 0.5956993044924348 0
    outer loop
      vertex 11.328114914447127 1.555596652454886 0
      vertex 11.164429269415663 1.7763011956582073 0
      vertex 11.328114914447127 1.555596652454886 10.8
    endloop
  endfacet
  facet normal 0.7409511253549591 0.6715589548470183 0
    outer loop
      vertex 10.979898987322333 1.9798989873223332 0
      vertex 11.164429269415663 1.7763011956582073 10.8
      vertex 11.164429269415663 1.7763011956582073 0
    endloop
  endfacet
  facet normal 0.5141027441932228 0.8577286100002715 0
    outer loop
      vertex 10.319910863112794 2.469379540175394 0
      vertex 10.319910863112794 2.469379540175394 10.8
      vertex 10.555596652454886 2.3281149144471267 0
    endloop
  endfacet
  facet normal 0.5956993044924326 0.8032075314806454 0
    outer loop
      vertex 10.555596652454886 2.3281149144471267 0
      vertex 10.555596652454886 2.3281149144471267 10.8
      vertex 10.776301195658208 2.1644292694156633 0
    endloop
  endfacet
  facet normal 0.6715589548470194 0.7409511253549581 0
    outer loop
      vertex 10.979898987322333 1.9798989873223332 0
      vertex 10.776301195658208 2.1644292694156633 0
      vertex 10.776301195658208 2.1644292694156633 10.8
    endloop
  endfacet
  facet normal 0.42755509343027964 0.9039892931234444 0
    outer loop
      vertex 10.071513610622251 2.5868626910316026 0
      vertex 10.071513610622251 2.5868626910316026 10.8
      vertex 10.319910863112794 2.469379540175394 0
    endloop
  endfacet
  facet normal -0.9987954562051724 0.049067674327418556 0
    outer loop
      vertex 6.2 0 0
      vertex 6.2 0 10.8
      vertex 6.213482765317849 0.27444799292276967 10.8
    endloop
  endfacet
  facet normal -0.989176509964781 0.14673047445536144 0
    outer loop
      vertex 6.213482765317849 0.27444799292276967 0
      vertex 6.213482765317849 0.27444799292276967 10.8
      vertex 6.253801214870955 0.546252901645159 10.8
    endloop
  endfacet
  facet normal -0.9700312531945441 0.24298017990326382 0
    outer loop
      vertex 6.253801214870955 0.546252901645159 0
      vertex 6.253801214870955 0.546252901645159 10.8
      vertex 6.320567059949815 0.8127970963124945 10.8
    endloop
  endfacet
  facet normal -0.9415440651830207 0.3368898533922203 0
    outer loop
      vertex 6.320567059949815 0.8127970963124945 0
      vertex 6.320567059949815 0.8127970963124945 10.8
      vertex 6.413137308968397 1.0715136106222514 10.8
    endloop
  endfacet
  facet normal -0.903989293123444 0.427555093430281 0
    outer loop
      vertex 6.413137308968397 1.0715136106222514 0
      vertex 6.413137308968397 1.0715136106222514 10.8
      vertex 6.530620459824606 1.3199108631127934 10.8
    endloop
  endfacet
  facet normal -0.8577286100002725 0.5141027441932208 0
    outer loop
      vertex 6.530620459824606 1.3199108631127934 0
      vertex 6.530620459824606 1.3199108631127934 10.8
      vertex 6.671885085552873 1.555596652454886 10.8
    endloop
  endfacet
  facet normal 0 0 1
    outer loop
      vertex 6.213482765317849 -0.27444799292276967 10.8
      vertex 6.213482765317849 0.27444799292276967 10.8
      vertex 6.2 0 10.8
    endloop
  endfacet
  facet normal 0 0 1
    outer loop
      vertex 6.253801214870955 -0.546252901645159 10.8
      vertex 6.253801214870955 0.546252901645159 10.8
      vertex 6.213482765317849 0.27444799292276967 10.8
    endloop
  endfacet
  facet normal 0 0 1
    outer loop
      vertex 6.320567059949815 -0.8127970963124945 10.8
      vertex 6.320567059949815 0.8127970963124945 10.8
      vertex 6.253801214870955 0.546252901645159 10.8
    endloop
  endfacet
  facet normal 0 0 1
    outer loop
      vertex 6.413137308968397 -1.0715136106222514 10.8
      vertex 6.413137308968397 1.0715136106222514 10.8
      vertex 6.320567059949815 0.8127970963124945 10.8
    endloop
  endfacet
  facet normal 0 0 1
    outer loop
      vertex 6.530620459824606 -1.3199108631127934 10.8
      vertex 6.530620459824606 1.3199108631127934 10.8
      vertex 6.413137308968397 1.0715136106222514 10.8
    endloop
  endfacet
  facet normal 0 0 1
    outer loop
      vertex 6.671885085552873 -1.555596652454886 10.8
      vertex 6.671885085552873 1.555596652454886 10.8
      vertex 6.530620459824606 1.3199108631127934 10.8
    endloop
  endfacet
  facet normal 0 0 1
    outer loop
      vertex 6.835570730584337 -1.7763011956582073 10.8
      vertex 6.835570730584337 1.7763011956582073 10.8
      vertex 6.671885085552873 1.555596652454886 10.8
    endloop
  endfacet
  facet normal 0 0 1
    outer loop
      vertex 7.020101012677667 -1.9798989873223332 10.8
      vertex 7.020101012677667 1.9798989873223332 10.8
      vertex 6.835570730584337 1.7763011956582073 10.8
    endloop
  endfacet
  facet normal 0 0 1
    outer loop
      vertex 7.223698804341793 -2.1644292694156633 10.8
      vertex 7.223698804341793 2.1644292694156633 10.8
      vertex 7.020101012677667 1.9798989873223332 10.8
    endloop
  endfacet
  facet normal 0 0 1
    outer loop
      vertex 7.223698804341793 -2.1644292694156633 10.8
      vertex 7.3 0 10.8
      vertex 7.223698804341793 2.1644292694156633 10.8
    endloop
  endfacet
  facet normal 0 0 1
    outer loop
      vertex 7.223698804341793 2.1644292694156633 10.8
      vertex 7.3 0 10.8
      vertex 7.308185964657265 0.16662913856025302 10.8
    endloop
  endfacet
  facet normal 0 0 1
    outer loop
      vertex 7.223698804341793 2.1644292694156633 10.8
      vertex 7.308185964657265 0.16662913856025302 10.8
      vertex 7.332665023314508 0.33165354742741804 10.8
    endloop
  endfacet
  facet normal 0 0 1
    outer loop
      vertex 7.223698804341793 2.1644292694156633 10.8
      vertex 7.332665023314508 0.33165354742741804 10.8
      vertex 7.373201429255245 0.49348395133258594 10.8
    endloop
  endfacet
  facet normal 0 0 1
    outer loop
      vertex 7.223698804341793 2.1644292694156633 10.8
      vertex 7.373201429255245 0.49348395133258594 10.8
      vertex 7.429404794730813 0.6505618350206526 10.8
    endloop
  endfacet
  facet normal 0 0 1
    outer loop
      vertex 7.223698804341793 2.1644292694156633 10.8
      vertex 7.429404794730813 0.6505618350206526 10.8
      vertex 7.500733850607796 0.8013744526041959 10.8
    endloop
  endfacet
  facet normal 0 0 1
    outer loop
      vertex 7.444403347545114 2.3281149144471267 10.8
      vertex 7.500733850607796 0.8013744526041959 10.8
      vertex 7.586501659085673 0.9444693961333237 10.8
    endloop
  endfacet
  facet normal -0.8032075314806436 0.5956993044924348 0
    outer loop
      vertex 6.671885085552873 1.555596652454886 0
      vertex 6.671885085552873 1.555596652454886 10.8
      vertex 6.835570730584337 1.7763011956582073 10.8
    endloop
  endfacet
  facet normal -0.7409511253549591 0.6715589548470183 0
    outer loop
      vertex 6.835570730584337 1.7763011956582073 0
      vertex 6.835570730584337 1.7763011956582073 10.8
      vertex 7.020101012677667 1.9798989873223332 10.8
    endloop
  endfacet
  facet normal -0.6715589548470179 0.7409511253549595 0
    outer loop
      vertex 7.223698804341793 2.1644292694156633 0
      vertex 7.020101012677667 1.9798989873223332 10.8
      vertex 7.223698804341793 2.1644292694156633 10.8
    endloop
  endfacet
  facet normal -0.5956993044924344 0.8032075314806443 0
    outer loop
      vertex 7.444403347545114 2.3281149144471267 0
      vertex 7.223698804341793 2.1644292694156633 10.8
      vertex 7.444403347545114 2.3281149144471267 10.8
    endloop
  endfacet
  facet normal -0.5141027441932228 0.8577286100002715 0
    outer loop
      vertex 7.680089136887206 2.469379540175394 0
      vertex 7.444403347545114 2.3281149144471267 10.8
      vertex 7.680089136887206 2.469379540175394 10.8
    endloop
  endfacet
  facet normal -0.42755509343027964 0.9039892931234444 0
    outer loop
      vertex 7.928486389377749 2.5868626910316026 0
      vertex 7.680089136887206 2.469379540175394 10.8
      vertex 7.928486389377749 2.5868626910316026 10.8
    endloop
  endfacet
  facet normal -0.3368898533922199 0.9415440651830208 0
    outer loop
      vertex 8.187202903687506 2.6794329400501846 0
      vertex 7.928486389377749 2.5868626910316026 10.8
      vertex 8.187202903687506 2.6794329400501846 10.8
    endloop
  endfacet
  facet normal 0 0 1
    outer loop
      vertex 7.444403347545114 2.3281149144471267 10.8
      vertex 7.586501659085673 0.9444693961333237 10.8
      vertex 7.685882229283347 1.0784685830781973 10.8
    endloop
  endfacet
  facet normal 0 0 1
    outer loop
      vertex 7.680089136887206 2.469379540175394 10.8
      vertex 7.685882229283347 1.0784685830781973 10.8
      vertex 7.797918471982869 1.2020815280171309 10.8
    endloop
  endfacet
  facet normal 0 0 1
    outer loop
      vertex 7.680089136887206 2.469379540175394 10.8
      vertex 7.797918471982869 1.2020815280171309 10.8
      vertex 7.921531416921803 1.314117770716653 10.8
    endloop
  endfacet
  facet normal 0 0 1
    outer loop
      vertex 7.680089136887206 2.469379540175394 10.8
      vertex 7.921531416921803 1.314117770716653 10.8
      vertex 8.055530603866677 1.413498340914327 10.8
    endloop
  endfacet
  facet normal 0 0 1
    outer loop
      vertex 7.223698804341793 2.1644292694156633 10.8
      vertex 7.500733850607796 0.8013744526041959 10.8
      vertex 7.444403347545114 2.3281149144471267 10.8
    endloop
  endfacet
  facet normal 0 0 1
    outer loop
      vertex 7.444403347545114 2.3281149144471267 10.8
      vertex 7.685882229283347 1.0784685830781973 10.8
      vertex 7.680089136887206 2.469379540175394 10.8
    endloop
  endfacet
  facet normal 0 0 1
    outer loop
      vertex 7.928486389377749 2.5868626910316026 10.8
      vertex 8.055530603866677 1.413498340914327 10.8
      vertex 8.198625547395803 1.4992661493922035 10.8
    endloop
  endfacet
  facet normal 0 0 1
    outer loop
      vertex 7.680089136887206 2.469379540175394 10.8
      vertex 8.055530603866677 1.413498340914327 10.8
      vertex 7.928486389377749 2.5868626910316026 10.8
    endloop
  endfacet
  facet normal 0 0 1
    outer loop
      vertex 7.928486389377749 2.5868626910316026 10.8
      vertex 8.198625547395803 1.4992661493922035 10.8
      vertex 8.187202903687506 2.6794329400501846 10.8
    endloop
  endfacet
  facet normal 0.9987954562051723 0.049067674327421776 0
    outer loop
      vertex 11.786517234682151 0.27444799292276967 0
      vertex 11.786517234682151 0.27444799292276967 10.8
      vertex 11.8 0 10.8
    endloop
  endfacet
  facet normal 0.9891765099647815 0.1467304744553583 0
    outer loop
      vertex 11.746198785129046 0.546252901645159 0
      vertex 11.746198785129046 0.546252901645159 10.8
      vertex 11.786517234682151 0.27444799292276967 10.8
    endloop
  endfacet
  facet normal 0.9700312531945424 0.24298017990326984 0
    outer loop
      vertex 11.679432940050184 0.8127970963124945 0
      vertex 11.679432940050184 0.8127970963124945 10.8
      vertex 11.746198785129046 0.546252901645159 10.8
    endloop
  endfacet
  facet normal 0.9415440651830207 0.3368898533922203 0
    outer loop
      vertex 11.586862691031602 1.0715136106222514 0
      vertex 11.586862691031602 1.0715136106222514 10.8
      vertex 11.679432940050184 0.8127970963124945 10.8
    endloop
  endfacet
  facet normal 0.903989293123445 0.42755509343027825 0
    outer loop
      vertex 11.469379540175394 1.3199108631127934 0
      vertex 11.469379540175394 1.3199108631127934 10.8
      vertex 11.586862691031602 1.0715136106222514 10.8
    endloop
  endfacet
  facet normal 0 0 1
    outer loop
      vertex 10.776301195658208 -2.1644292694156633 10.8
      vertex 10.776301195658208 2.1644292694156633 10.8
      vertex 10.7 0 10.8
    endloop
  endfacet
  facet normal 0 0 1
    outer loop
      vertex 11.786517234682151 -0.27444799292276967 10.8
      vertex 11.8 0 10.8
      vertex 11.786517234682151 0.27444799292276967 10.8
    endloop
  endfacet
  facet normal 0 0 1
    outer loop
      vertex 11.786517234682151 -0.27444799292276967 10.8
      vertex 11.786517234682151 0.27444799292276967 10.8
      vertex 11.746198785129046 0.546252901645159 10.8
    endloop
  endfacet
  facet normal 0 0 1
    outer loop
      vertex 11.746198785129046 -0.546252901645159 10.8
      vertex 11.746198785129046 0.546252901645159 10.8
      vertex 11.679432940050184 0.8127970963124945 10.8
    endloop
  endfacet
  facet normal 0 0 1
    outer loop
      vertex 11.164429269415663 -1.7763011956582073 10.8
      vertex 11.164429269415663 1.7763011956582073 10.8
      vertex 10.979898987322333 1.9798989873223332 10.8
    endloop
  endfacet
  facet normal 0 0 1
    outer loop
      vertex 11.328114914447127 -1.555596652454886 10.8
      vertex 11.328114914447127 1.555596652454886 10.8
      vertex 11.164429269415663 1.7763011956582073 10.8
    endloop
  endfacet
  facet normal 0 0 1
    outer loop
      vertex 11.469379540175394 -1.3199108631127934 10.8
      vertex 11.469379540175394 1.3199108631127934 10.8
      vertex 11.328114914447127 1.555596652454886 10.8
    endloop
  endfacet
  facet normal 0 0 1
    outer loop
      vertex 11.586862691031602 -1.0715136106222514 10.8
      vertex 11.586862691031602 1.0715136106222514 10.8
      vertex 11.469379540175394 1.3199108631127934 10.8
    endloop
  endfacet
  facet normal 0 0 1
    outer loop
      vertex 11.679432940050184 -0.8127970963124945 10.8
      vertex 11.679432940050184 0.8127970963124945 10.8
      vertex 11.586862691031602 1.0715136106222514 10.8
    endloop
  endfacet
  facet normal 0 0 1
    outer loop
      vertex 10.776301195658208 2.1644292694156633 10.8
      vertex 10.691814035342734 0.16662913856025302 10.8
      vertex 10.7 0 10.8
    endloop
  endfacet
  facet normal 0 0 1
    outer loop
      vertex 10.776301195658208 2.1644292694156633 10.8
      vertex 10.667334976685492 0.33165354742741804 10.8
      vertex 10.691814035342734 0.16662913856025302 10.8
    endloop
  endfacet
  facet normal 0 0 1
    outer loop
      vertex 10.555596652454886 2.3281149144471267 10.8
      vertex 10.626798570744755 0.49348395133258594 10.8
      vertex 10.667334976685492 0.33165354742741804 10.8
    endloop
  endfacet
  facet normal 0 0 1
    outer loop
      vertex 10.555596652454886 2.3281149144471267 10.8
      vertex 10.570595205269187 0.6505618350206526 10.8
      vertex 10.626798570744755 0.49348395133258594 10.8
    endloop
  endfacet
  facet normal 0 0 1
    outer loop
      vertex 10.555596652454886 2.3281149144471267 10.8
      vertex 10.499266149392204 0.8013744526041959 10.8
      vertex 10.570595205269187 0.6505618350206526 10.8
    endloop
  endfacet
  facet normal 0 0 1
    outer loop
      vertex 10.555596652454886 2.3281149144471267 10.8
      vertex 10.413498340914327 0.9444693961333237 10.8
      vertex 10.499266149392204 0.8013744526041959 10.8
    endloop
  endfacet
  facet normal 0 0 1
    outer loop
      vertex 10.979898987322333 -1.9798989873223332 10.8
      vertex 10.979898987322333 1.9798989873223332 10.8
      vertex 10.776301195658208 2.1644292694156633 10.8
    endloop
  endfacet
  facet normal -0.24298017990326476 0.9700312531945438 0
    outer loop
      vertex 8.45374709835484 2.746198785129045 0
      vertex 8.187202903687506 2.6794329400501846 10.8
      vertex 8.45374709835484 2.746198785129045 10.8
    endloop
  endfacet
  facet normal -0.1467304744553631 0.9891765099647808 0
    outer loop
      vertex 8.72555200707723 2.7865172346821514 0
      vertex 8.45374709835484 2.746198785129045 10.8
      vertex 8.72555200707723 2.7865172346821514 10.8
    endloop
  endfacet
  facet normal -0.049067674327416856 0.9987954562051724 0
    outer loop
      vertex 8.72555200707723 2.7865172346821514 10.8
      vertex 9 2.8 10.8
      vertex 9 2.8 0
    endloop
  endfacet
  facet normal 0.049067674327416856 0.9987954562051724 0
    outer loop
      vertex 9.27444799292277 2.7865172346821514 0
      vertex 9 2.8 10.8
      vertex 9.27444799292277 2.7865172346821514 10.8
    endloop
  endfacet
  facet normal 0.1467304744553631 0.9891765099647808 0
    outer loop
      vertex 9.54625290164516 2.746198785129045 0
      vertex 9.27444799292277 2.7865172346821514 10.8
      vertex 9.54625290164516 2.746198785129045 10.8
    endloop
  endfacet
  facet normal 0.24298017990326476 0.9700312531945438 0
    outer loop
      vertex 9.812797096312494 2.6794329400501846 0
      vertex 9.54625290164516 2.746198785129045 10.8
      vertex 9.812797096312494 2.6794329400501846 10.8
    endloop
  endfacet
  facet normal 0.8032075314806436 0.5956993044924348 0
    outer loop
      vertex 11.164429269415663 1.7763011956582073 0
      vertex 11.164429269415663 1.7763011956582073 10.8
      vertex 11.328114914447127 1.555596652454886 10.8
    endloop
  endfacet
  facet normal 0.8577286100002725 0.5141027441932208 0
    outer loop
      vertex 11.328114914447127 1.555596652454886 0
      vertex 11.328114914447127 1.555596652454886 10.8
      vertex 11.469379540175394 1.3199108631127934 10.8
    endloop
  endfacet
  facet normal 0.7409511253549591 0.6715589548470183 0
    outer loop
      vertex 10.979898987322333 1.9798989873223332 0
      vertex 10.979898987322333 1.9798989873223332 10.8
      vertex 11.164429269415663 1.7763011956582073 10.8
    endloop
  endfacet
  facet normal 0.6715589548470194 0.7409511253549581 0
    outer loop
      vertex 10.979898987322333 1.9798989873223332 0
      vertex 10.776301195658208 2.1644292694156633 10.8
      vertex 10.979898987322333 1.9798989873223332 10.8
    endloop
  endfacet
  facet normal 0.5956993044924326 0.8032075314806454 0
    outer loop
      vertex 10.776301195658208 2.1644292694156633 0
      vertex 10.555596652454886 2.3281149144471267 10.8
      vertex 10.776301195658208 2.1644292694156633 10.8
    endloop
  endfacet
  facet normal 0.5141027441932228 0.8577286100002715 0
    outer loop
      vertex 10.555596652454886 2.3281149144471267 0
      vertex 10.319910863112794 2.469379540175394 10.8
      vertex 10.555596652454886 2.3281149144471267 10.8
    endloop
  endfacet
  facet normal 0.3368898533922199 0.9415440651830208 0
    outer loop
      vertex 10.071513610622251 2.5868626910316026 0
      vertex 9.812797096312494 2.6794329400501846 10.8
      vertex 10.071513610622251 2.5868626910316026 10.8
    endloop
  endfacet
  facet normal 0.42755509343027964 0.9039892931234444 0
    outer loop
      vertex 10.319910863112794 2.469379540175394 0
      vertex 10.071513610622251 2.5868626910316026 10.8
      vertex 10.319910863112794 2.469379540175394 10.8
    endloop
  endfacet
  facet normal 0 0 1
    outer loop
      vertex 8.187202903687506 2.6794329400501846 10.8
      vertex 8.198625547395803 1.4992661493922035 10.8
      vertex 8.349438164979347 1.5705952052691874 10.8
    endloop
  endfacet
  facet normal 0 0 1
    outer loop
      vertex 8.187202903687506 2.6794329400501846 10.8
      vertex 8.349438164979347 1.5705952052691874 10.8
      vertex 8.506516048667415 1.626798570744755 10.8
    endloop
  endfacet
  facet normal 0 0 1
    outer loop
      vertex 8.45374709835484 2.746198785129045 10.8
      vertex 8.506516048667415 1.626798570744755 10.8
      vertex 8.668346452572582 1.6673349766854917 10.8
    endloop
  endfacet
  facet normal 0 0 1
    outer loop
      vertex 8.45374709835484 2.746198785129045 10.8
      vertex 8.668346452572582 1.6673349766854917 10.8
      vertex 8.833370861439747 1.6918140353427347 10.8
    endloop
  endfacet
  facet normal 0 0 1
    outer loop
      vertex 9 2.8 10.8
      vertex 8.833370861439747 1.6918140353427347 10.8
      vertex 9 1.7 10.8
    endloop
  endfacet
  facet normal 0 0 1
    outer loop
      vertex 9 2.8 10.8
      vertex 9 1.7 10.8
      vertex 9.166629138560253 1.6918140353427347 10.8
    endloop
  endfacet
  facet normal 0 0 1
    outer loop
      vertex 9.27444799292277 2.7865172346821514 10.8
      vertex 9.166629138560253 1.6918140353427347 10.8
      vertex 9.331653547427418 1.6673349766854917 10.8
    endloop
  endfacet
  facet normal 0 0 1
    outer loop
      vertex 9.54625290164516 2.746198785129045 10.8
      vertex 9.331653547427418 1.6673349766854917 10.8
      vertex 9.493483951332585 1.626798570744755 10.8
    endloop
  endfacet
  facet normal 0 0 1
    outer loop
      vertex 9.812797096312494 2.6794329400501846 10.8
      vertex 9.801374452604197 1.4992661493922035 10.8
      vertex 9.944469396133323 1.413498340914327 10.8
    endloop
  endfacet
  facet normal 0 0 1
    outer loop
      vertex 9.812797096312494 2.6794329400501846 10.8
      vertex 9.650561835020653 1.5705952052691874 10.8
      vertex 9.801374452604197 1.4992661493922035 10.8
    endloop
  endfacet
  facet normal 0 0 1
    outer loop
      vertex 9.54625290164516 2.746198785129045 10.8
      vertex 9.493483951332585 1.626798570744755 10.8
      vertex 9.650561835020653 1.5705952052691874 10.8
    endloop
  endfacet
  facet normal 0 0 1
    outer loop
      vertex 8.187202903687506 2.6794329400501846 10.8
      vertex 8.506516048667415 1.626798570744755 10.8
      vertex 8.45374709835484 2.746198785129045 10.8
    endloop
  endfacet
  facet normal 0 0 1
    outer loop
      vertex 8.45374709835484 2.746198785129045 10.8
      vertex 8.833370861439747 1.6918140353427347 10.8
      vertex 8.72555200707723 2.7865172346821514 10.8
    endloop
  endfacet
  facet normal 0 0 1
    outer loop
      vertex 8.72555200707723 2.7865172346821514 10.8
      vertex 8.833370861439747 1.6918140353427347 10.8
      vertex 9 2.8 10.8
    endloop
  endfacet
  facet normal 0 0 1
    outer loop
      vertex 9 2.8 10.8
      vertex 9.166629138560253 1.6918140353427347 10.8
      vertex 9.27444799292277 2.7865172346821514 10.8
    endloop
  endfacet
  facet normal 0 0 1
    outer loop
      vertex 9.27444799292277 2.7865172346821514 10.8
      vertex 9.331653547427418 1.6673349766854917 10.8
      vertex 9.54625290164516 2.746198785129045 10.8
    endloop
  endfacet
  facet normal 0 0 1
    outer loop
      vertex 9.812797096312494 2.6794329400501846 10.8
      vertex 9.944469396133323 1.413498340914327 10.8
      vertex 10.071513610622251 2.5868626910316026 10.8
    endloop
  endfacet
  facet normal 0 0 1
    outer loop
      vertex 9.54625290164516 2.746198785129045 10.8
      vertex 9.650561835020653 1.5705952052691874 10.8
      vertex 9.812797096312494 2.6794329400501846 10.8
    endloop
  endfacet
  facet normal 0 0 1
    outer loop
      vertex 10.319910863112794 2.469379540175394 10.8
      vertex 10.314117770716653 1.0784685830781973 10.8
      vertex 10.413498340914327 0.9444693961333237 10.8
    endloop
  endfacet
  facet normal 0 0 1
    outer loop
      vertex 10.071513610622251 2.5868626910316026 10.8
      vertex 10.078468583078198 1.314117770716653 10.8
      vertex 10.20208152801713 1.2020815280171309 10.8
    endloop
  endfacet
  facet normal 0 0 1
    outer loop
      vertex 10.319910863112794 2.469379540175394 10.8
      vertex 10.20208152801713 1.2020815280171309 10.8
      vertex 10.314117770716653 1.0784685830781973 10.8
    endloop
  endfacet
  facet normal 0 0 1
    outer loop
      vertex 10.555596652454886 2.3281149144471267 10.8
      vertex 10.667334976685492 0.33165354742741804 10.8
      vertex 10.776301195658208 2.1644292694156633 10.8
    endloop
  endfacet
  facet normal 0 0 1
    outer loop
      vertex 10.071513610622251 2.5868626910316026 10.8
      vertex 9.944469396133323 1.413498340914327 10.8
      vertex 10.078468583078198 1.314117770716653 10.8
    endloop
  endfacet
  facet normal 0 0 1
    outer loop
      vertex 10.319910863112794 2.469379540175394 10.8
      vertex 10.413498340914327 0.9444693961333237 10.8
      vertex 10.555596652454886 2.3281149144471267 10.8
    endloop
  endfacet
  facet normal 0 0 1
    outer loop
      vertex 10.071513610622251 2.5868626910316026 10.8
      vertex 10.20208152801713 1.2020815280171309 10.8
      vertex 10.319910863112794 2.469379540175394 10.8
    endloop
  endfacet
  facet normal 0.33688985339222 0.9415440651830208 0
    outer loop
      vertex -0.6505618350206526 -1.5705952052691874 0
      vertex -0.6505618350206526 -1.5705952052691874 10.8
      vertex -0.49348395133258594 -1.626798570744755 0
    endloop
  endfacet
  facet normal 0.42755509343028203 0.9039892931234433 0
    outer loop
      vertex -0.8013744526041959 -1.4992661493922035 10.8
      vertex -0.6505618350206526 -1.5705952052691874 0
      vertex -0.8013744526041959 -1.4992661493922035 0
    endloop
  endfacet
  facet normal 0.5141027441932214 0.8577286100002722 0
    outer loop
      vertex -0.9444693961333237 -1.413498340914327 0
      vertex -0.9444693961333237 -1.413498340914327 10.8
      vertex -0.8013744526041959 -1.4992661493922035 0
    endloop
  endfacet
  facet normal 0.2429801799032641 0.970031253194544 0
    outer loop
      vertex -0.33165354742741804 -1.6673349766854917 0
      vertex -0.49348395133258594 -1.626798570744755 0
      vertex -0.49348395133258594 -1.626798570744755 10.8
    endloop
  endfacet
  facet normal 0.14673047445536194 0.9891765099647809 0
    outer loop
      vertex -0.33165354742741804 -1.6673349766854917 10.8
      vertex -0.16662913856025302 -1.6918140353427347 0
      vertex -0.33165354742741804 -1.6673349766854917 0
    endloop
  endfacet
  facet normal 0.04906767432741798 0.9987954562051723 0
    outer loop
      vertex -0.16662913856025302 -1.6918140353427347 0
      vertex -0.16662913856025302 -1.6918140353427347 10.8
      vertex 0 -1.7 0
    endloop
  endfacet
  facet normal -0.04906767432741798 0.9987954562051723 0
    outer loop
      vertex 0 -1.7 10.8
      vertex 0.16662913856025302 -1.6918140353427347 0
      vertex 0 -1.7 0
    endloop
  endfacet
  facet normal -0.14673047445536194 0.9891765099647809 0
    outer loop
      vertex 0.16662913856025302 -1.6918140353427347 0
      vertex 0.16662913856025302 -1.6918140353427347 10.8
      vertex 0.33165354742741804 -1.6673349766854917 0
    endloop
  endfacet
  facet normal -0.2429801799032641 0.970031253194544 0
    outer loop
      vertex 0.33165354742741804 -1.6673349766854917 0
      vertex 0.33165354742741804 -1.6673349766854917 10.8
      vertex 0.49348395133258594 -1.626798570744755 0
    endloop
  endfacet
  facet normal -0.33688985339222 0.9415440651830208 0
    outer loop
      vertex 0.49348395133258594 -1.626798570744755 0
      vertex 0.49348395133258594 -1.626798570744755 10.8
      vertex 0.6505618350206526 -1.5705952052691874 0
    endloop
  endfacet
  facet normal -0.42755509343028203 0.9039892931234433 0
    outer loop
      vertex 0.6505618350206526 -1.5705952052691874 0
      vertex 0.6505618350206526 -1.5705952052691874 10.8
      vertex 0.8013744526041959 -1.4992661493922035 0
    endloop
  endfacet
  facet normal -0.5141027441932214 0.8577286100002722 0
    outer loop
      vertex 0.9444693961333237 -1.413498340914327 0
      vertex 0.8013744526041959 -1.4992661493922035 0
      vertex 0.8013744526041959 -1.4992661493922035 10.8
    endloop
  endfacet
  facet normal 0.595699304492433 0.8032075314806452 0
    outer loop
      vertex -0.9444693961333237 -1.413498340914327 0
      vertex -1.0784685830781973 -1.314117770716653 0
      vertex -1.0784685830781973 -1.314117770716653 10.8
    endloop
  endfacet
  facet normal 0.671558954847018 0.7409511253549594 0
    outer loop
      vertex -1.2020815280171309 -1.2020815280171309 0
      vertex -1.2020815280171309 -1.2020815280171309 10.8
      vertex -1.0784685830781973 -1.314117770716653 0
    endloop
  endfacet
  facet normal 0.7409511253549594 0.671558954847018 0
    outer loop
      vertex -1.2020815280171309 -1.2020815280171309 0
      vertex -1.314117770716653 -1.0784685830781973 0
      vertex -1.314117770716653 -1.0784685830781973 10.8
    endloop
  endfacet
  facet normal 0.8577286100002722 0.5141027441932214 0
    outer loop
      vertex -1.413498340914327 -0.9444693961333237 0
      vertex -1.4992661493922035 -0.8013744526041959 0
      vertex -1.4992661493922035 -0.8013744526041959 10.8
    endloop
  endfacet
  facet normal 0.9039892931234433 0.42755509343028203 0
    outer loop
      vertex -1.4992661493922035 -0.8013744526041959 0
      vertex -1.5705952052691874 -0.6505618350206526 0
      vertex -1.5705952052691874 -0.6505618350206526 10.8
    endloop
  endfacet
  facet normal 0.8032075314806452 0.595699304492433 0
    outer loop
      vertex -1.314117770716653 -1.0784685830781973 0
      vertex -1.413498340914327 -0.9444693961333237 0
      vertex -1.413498340914327 -0.9444693961333237 10.8
    endloop
  endfacet
  facet normal 0.9415440651830208 0.33688985339222 0
    outer loop
      vertex -1.5705952052691874 -0.6505618350206526 0
      vertex -1.626798570744755 -0.49348395133258594 0
      vertex -1.626798570744755 -0.49348395133258594 10.8
    endloop
  endfacet
  facet normal 0.970031253194544 0.2429801799032641 0
    outer loop
      vertex -1.626798570744755 -0.49348395133258594 0
      vertex -1.6673349766854917 -0.33165354742741804 0
      vertex -1.6673349766854917 -0.33165354742741804 10.8
    endloop
  endfacet
  facet normal 0.9891765099647809 0.14673047445536194 0
    outer loop
      vertex -1.6673349766854917 -0.33165354742741804 0
      vertex -1.6918140353427347 -0.16662913856025302 0
      vertex -1.6918140353427347 -0.16662913856025302 10.8
    endloop
  endfacet
  facet normal 0.9987954562051723 0.04906767432741798 0
    outer loop
      vertex -1.7 0 10.8
      vertex -1.6918140353427347 -0.16662913856025302 0
      vertex -1.7 0 0
    endloop
  endfacet
  facet normal -0.595699304492433 0.8032075314806452 0
    outer loop
      vertex 0.9444693961333237 -1.413498340914327 0
      vertex 0.9444693961333237 -1.413498340914327 10.8
      vertex 1.0784685830781973 -1.314117770716653 0
    endloop
  endfacet
  facet normal -0.671558954847018 0.7409511253549594 0
    outer loop
      vertex 1.0784685830781973 -1.314117770716653 10.8
      vertex 1.2020815280171309 -1.2020815280171309 0
      vertex 1.0784685830781973 -1.314117770716653 0
    endloop
  endfacet
  facet normal -0.7409511253549594 0.671558954847018 0
    outer loop
      vertex 1.2020815280171309 -1.2020815280171309 0
      vertex 1.2020815280171309 -1.2020815280171309 10.8
      vertex 1.314117770716653 -1.0784685830781973 0
    endloop
  endfacet
  facet normal -0.8032075314806452 0.595699304492433 0
    outer loop
      vertex 1.413498340914327 -0.9444693961333237 0
      vertex 1.314117770716653 -1.0784685830781973 0
      vertex 1.314117770716653 -1.0784685830781973 10.8
    endloop
  endfacet
  facet normal -0.8577286100002722 0.5141027441932214 0
    outer loop
      vertex 1.4992661493922035 -0.8013744526041959 0
      vertex 1.413498340914327 -0.9444693961333237 0
      vertex 1.413498340914327 -0.9444693961333237 10.8
    endloop
  endfacet
  facet normal -0.9039892931234433 0.42755509343028203 0
    outer loop
      vertex 1.5705952052691874 -0.6505618350206526 0
      vertex 1.4992661493922035 -0.8013744526041959 0
      vertex 1.4992661493922035 -0.8013744526041959 10.8
    endloop
  endfacet
  facet normal -0.9415440651830208 0.33688985339222 0
    outer loop
      vertex 1.5705952052691874 -0.6505618350206526 10.8
      vertex 1.626798570744755 -0.49348395133258594 0
      vertex 1.5705952052691874 -0.6505618350206526 0
    endloop
  endfacet
  facet normal -0.970031253194544 0.2429801799032641 0
    outer loop
      vertex 1.6673349766854917 -0.33165354742741804 0
      vertex 1.626798570744755 -0.49348395133258594 0
      vertex 1.626798570744755 -0.49348395133258594 10.8
    endloop
  endfacet
  facet normal -0.9891765099647809 0.14673047445536194 0
    outer loop
      vertex 1.6918140353427347 -0.16662913856025302 0
      vertex 1.6673349766854917 -0.33165354742741804 0
      vertex 1.6673349766854917 -0.33165354742741804 10.8
    endloop
  endfacet
  facet normal -0.9987954562051723 0.04906767432741798 0
    outer loop
      vertex 1.6918140353427347 -0.16662913856025302 0
      vertex 1.6918140353427347 -0.16662913856025302 10.8
      vertex 1.7 0 0
    endloop
  endfacet
  facet normal 0.33688985339222 0.9415440651830208 0
    outer loop
      vertex -0.49348395133258594 -1.626798570744755 10.8
      vertex -0.49348395133258594 -1.626798570744755 0
      vertex -0.6505618350206526 -1.5705952052691874 10.8
    endloop
  endfacet
  facet normal 0.5141027441932214 0.8577286100002722 0
    outer loop
      vertex -0.8013744526041959 -1.4992661493922035 10.8
      vertex -0.8013744526041959 -1.4992661493922035 0
      vertex -0.9444693961333237 -1.413498340914327 10.8
    endloop
  endfacet
  facet normal 0.42755509343028203 0.9039892931234433 0
    outer loop
      vertex -0.6505618350206526 -1.5705952052691874 0
      vertex -0.8013744526041959 -1.4992661493922035 10.8
      vertex -0.6505618350206526 -1.5705952052691874 10.8
    endloop
  endfacet
  facet normal 0.2429801799032641 0.970031253194544 0
    outer loop
      vertex -0.33165354742741804 -1.6673349766854917 0
      vertex -0.49348395133258594 -1.626798570744755 10.8
      vertex -0.33165354742741804 -1.6673349766854917 10.8
    endloop
  endfacet
  facet normal 0.14673047445536194 0.9891765099647809 0
    outer loop
      vertex -0.16662913856025302 -1.6918140353427347 0
      vertex -0.33165354742741804 -1.6673349766854917 10.8
      vertex -0.16662913856025302 -1.6918140353427347 10.8
    endloop
  endfacet
  facet normal 0.04906767432741798 0.9987954562051723 0
    outer loop
      vertex 0 -1.7 0
      vertex -0.16662913856025302 -1.6918140353427347 10.8
      vertex 0 -1.7 10.8
    endloop
  endfacet
  facet normal -0.04906767432741798 0.9987954562051723 0
    outer loop
      vertex 0.16662913856025302 -1.6918140353427347 0
      vertex 0 -1.7 10.8
      vertex 0.16662913856025302 -1.6918140353427347 10.8
    endloop
  endfacet
  facet normal -0.14673047445536194 0.9891765099647809 0
    outer loop
      vertex 0.33165354742741804 -1.6673349766854917 0
      vertex 0.16662913856025302 -1.6918140353427347 10.8
      vertex 0.33165354742741804 -1.6673349766854917 10.8
    endloop
  endfacet
  facet normal -0.2429801799032641 0.970031253194544 0
    outer loop
      vertex 0.33165354742741804 -1.6673349766854917 10.8
      vertex 0.49348395133258594 -1.626798570744755 10.8
      vertex 0.49348395133258594 -1.626798570744755 0
    endloop
  endfacet
  facet normal -0.33688985339222 0.9415440651830208 0
    outer loop
      vertex 0.6505618350206526 -1.5705952052691874 0
      vertex 0.49348395133258594 -1.626798570744755 10.8
      vertex 0.6505618350206526 -1.5705952052691874 10.8
    endloop
  endfacet
  facet normal -0.42755509343028203 0.9039892931234433 0
    outer loop
      vertex 0.8013744526041959 -1.4992661493922035 0
      vertex 0.6505618350206526 -1.5705952052691874 10.8
      vertex 0.8013744526041959 -1.4992661493922035 10.8
    endloop
  endfacet
  facet normal 0.595699304492433 0.8032075314806452 0
    outer loop
      vertex -0.9444693961333237 -1.413498340914327 0
      vertex -1.0784685830781973 -1.314117770716653 10.8
      vertex -0.9444693961333237 -1.413498340914327 10.8
    endloop
  endfacet
  facet normal 0.671558954847018 0.7409511253549594 0
    outer loop
      vertex -1.0784685830781973 -1.314117770716653 0
      vertex -1.2020815280171309 -1.2020815280171309 10.8
      vertex -1.0784685830781973 -1.314117770716653 10.8
    endloop
  endfacet
  facet normal 0.7409511253549594 0.671558954847018 0
    outer loop
      vertex -1.2020815280171309 -1.2020815280171309 0
      vertex -1.314117770716653 -1.0784685830781973 10.8
      vertex -1.2020815280171309 -1.2020815280171309 10.8
    endloop
  endfacet
  facet normal 0.8577286100002722 0.5141027441932214 0
    outer loop
      vertex -1.413498340914327 -0.9444693961333237 0
      vertex -1.4992661493922035 -0.8013744526041959 10.8
      vertex -1.413498340914327 -0.9444693961333237 10.8
    endloop
  endfacet
  facet normal 0.9039892931234433 0.42755509343028203 0
    outer loop
      vertex -1.5705952052691874 -0.6505618350206526 10.8
      vertex -1.4992661493922035 -0.8013744526041959 10.8
      vertex -1.4992661493922035 -0.8013744526041959 0
    endloop
  endfacet
  facet normal 0.8032075314806452 0.595699304492433 0
    outer loop
      vertex -1.413498340914327 -0.9444693961333237 10.8
      vertex -1.314117770716653 -1.0784685830781973 10.8
      vertex -1.314117770716653 -1.0784685830781973 0
    endloop
  endfacet
  facet normal 0.9415440651830208 0.33688985339222 0
    outer loop
      vertex -1.5705952052691874 -0.6505618350206526 0
      vertex -1.626798570744755 -0.49348395133258594 10.8
      vertex -1.5705952052691874 -0.6505618350206526 10.8
    endloop
  endfacet
  facet normal 0.970031253194544 0.2429801799032641 0
    outer loop
      vertex -1.6673349766854917 -0.33165354742741804 10.8
      vertex -1.626798570744755 -0.49348395133258594 10.8
      vertex -1.626798570744755 -0.49348395133258594 0
    endloop
  endfacet
  facet normal 0.9891765099647809 0.14673047445536194 0
    outer loop
      vertex -1.6673349766854917 -0.33165354742741804 0
      vertex -1.6918140353427347 -0.16662913856025302 10.8
      vertex -1.6673349766854917 -0.33165354742741804 10.8
    endloop
  endfacet
  facet normal 0.9987954562051723 0.04906767432741798 0
    outer loop
      vertex -1.7 0 10.8
      vertex -1.6918140353427347 -0.16662913856025302 10.8
      vertex -1.6918140353427347 -0.16662913856025302 0
    endloop
  endfacet
  facet normal -0.5141027441932214 0.8577286100002722 0
    outer loop
      vertex 0.9444693961333237 -1.413498340914327 0
      vertex 0.8013744526041959 -1.4992661493922035 10.8
      vertex 0.9444693961333237 -1.413498340914327 10.8
    endloop
  endfacet
  facet normal -0.595699304492433 0.8032075314806452 0
    outer loop
      vertex 1.0784685830781973 -1.314117770716653 10.8
      vertex 1.0784685830781973 -1.314117770716653 0
      vertex 0.9444693961333237 -1.413498340914327 10.8
    endloop
  endfacet
  facet normal -0.671558954847018 0.7409511253549594 0
    outer loop
      vertex 1.2020815280171309 -1.2020815280171309 0
      vertex 1.0784685830781973 -1.314117770716653 10.8
      vertex 1.2020815280171309 -1.2020815280171309 10.8
    endloop
  endfacet
  facet normal -0.7409511253549594 0.671558954847018 0
    outer loop
      vertex 1.2020815280171309 -1.2020815280171309 10.8
      vertex 1.314117770716653 -1.0784685830781973 10.8
      vertex 1.314117770716653 -1.0784685830781973 0
    endloop
  endfacet
  facet normal -0.8032075314806452 0.595699304492433 0
    outer loop
      vertex 1.314117770716653 -1.0784685830781973 10.8
      vertex 1.413498340914327 -0.9444693961333237 10.8
      vertex 1.413498340914327 -0.9444693961333237 0
    endloop
  endfacet
  facet normal -0.8577286100002722 0.5141027441932214 0
    outer loop
      vertex 1.413498340914327 -0.9444693961333237 10.8
      vertex 1.4992661493922035 -0.8013744526041959 10.8
      vertex 1.4992661493922035 -0.8013744526041959 0
    endloop
  endfacet
  facet normal -0.9039892931234433 0.42755509343028203 0
    outer loop
      vertex 1.4992661493922035 -0.8013744526041959 10.8
      vertex 1.5705952052691874 -0.6505618350206526 10.8
      vertex 1.5705952052691874 -0.6505618350206526 0
    endloop
  endfacet
  facet normal -0.9415440651830208 0.33688985339222 0
    outer loop
      vertex 1.5705952052691874 -0.6505618350206526 10.8
      vertex 1.626798570744755 -0.49348395133258594 10.8
      vertex 1.626798570744755 -0.49348395133258594 0
    endloop
  endfacet
  facet normal -0.970031253194544 0.2429801799032641 0
    outer loop
      vertex 1.6673349766854917 -0.33165354742741804 0
      vertex 1.626798570744755 -0.49348395133258594 10.8
      vertex 1.6673349766854917 -0.33165354742741804 10.8
    endloop
  endfacet
  facet normal -0.9891765099647809 0.14673047445536194 0
    outer loop
      vertex 1.6673349766854917 -0.33165354742741804 10.8
      vertex 1.6918140353427347 -0.16662913856025302 10.8
      vertex 1.6918140353427347 -0.16662913856025302 0
    endloop
  endfacet
  facet normal -0.9987954562051723 0.04906767432741798 0
    outer loop
      vertex 1.7 0 0
      vertex 1.6918140353427347 -0.16662913856025302 10.8
      vertex 1.7 0 10.8
    endloop
  endfacet
  facet normal 0.9987954562051723 -0.04906767432741798 0
    outer loop
      vertex -1.6918140353427347 0.16662913856025302 10.8
      vertex -1.7 0 0
      vertex -1.6918140353427347 0.16662913856025302 0
    endloop
  endfacet
  facet normal 0.9891765099647809 -0.14673047445536194 0
    outer loop
      vertex -1.6918140353427347 0.16662913856025302 0
      vertex -1.6673349766854917 0.33165354742741804 0
      vertex -1.6673349766854917 0.33165354742741804 10.8
    endloop
  endfacet
  facet normal 0.970031253194544 -0.2429801799032641 0
    outer loop
      vertex -1.6673349766854917 0.33165354742741804 0
      vertex -1.626798570744755 0.49348395133258594 0
      vertex -1.626798570744755 0.49348395133258594 10.8
    endloop
  endfacet
  facet normal 0.9415440651830208 -0.33688985339222 0
    outer loop
      vertex -1.626798570744755 0.49348395133258594 0
      vertex -1.5705952052691874 0.6505618350206526 0
      vertex -1.5705952052691874 0.6505618350206526 10.8
    endloop
  endfacet
  facet normal 0.9039892931234433 -0.42755509343028203 0
    outer loop
      vertex -1.5705952052691874 0.6505618350206526 0
      vertex -1.4992661493922035 0.8013744526041959 0
      vertex -1.4992661493922035 0.8013744526041959 10.8
    endloop
  endfacet
  facet normal 0.8577286100002722 -0.5141027441932214 0
    outer loop
      vertex -1.4992661493922035 0.8013744526041959 0
      vertex -1.413498340914327 0.9444693961333237 0
      vertex -1.413498340914327 0.9444693961333237 10.8
    endloop
  endfacet
  facet normal 0.8032075314806452 -0.595699304492433 0
    outer loop
      vertex -1.413498340914327 0.9444693961333237 0
      vertex -1.314117770716653 1.0784685830781973 0
      vertex -1.314117770716653 1.0784685830781973 10.8
    endloop
  endfacet
  facet normal 0.7409511253549594 -0.671558954847018 0
    outer loop
      vertex -1.314117770716653 1.0784685830781973 0
      vertex -1.2020815280171309 1.2020815280171309 0
      vertex -1.2020815280171309 1.2020815280171309 10.8
    endloop
  endfacet
  facet normal 0.671558954847018 -0.7409511253549594 0
    outer loop
      vertex -1.0784685830781973 1.314117770716653 0
      vertex -1.0784685830781973 1.314117770716653 10.8
      vertex -1.2020815280171309 1.2020815280171309 0
    endloop
  endfacet
  facet normal 0.595699304492433 -0.8032075314806452 0
    outer loop
      vertex -0.9444693961333237 1.413498340914327 0
      vertex -0.9444693961333237 1.413498340914327 10.8
      vertex -1.0784685830781973 1.314117770716653 0
    endloop
  endfacet
  facet normal 0.5141027441932214 -0.8577286100002722 0
    outer loop
      vertex -0.9444693961333237 1.413498340914327 0
      vertex -0.8013744526041959 1.4992661493922035 0
      vertex -0.8013744526041959 1.4992661493922035 10.8
    endloop
  endfacet
  facet normal 0.42755509343028203 -0.9039892931234433 0
    outer loop
      vertex -0.6505618350206526 1.5705952052691874 0
      vertex -0.6505618350206526 1.5705952052691874 10.8
      vertex -0.8013744526041959 1.4992661493922035 0
    endloop
  endfacet
  facet normal 0.33688985339222 -0.9415440651830208 0
    outer loop
      vertex -0.49348395133258594 1.626798570744755 10.8
      vertex -0.6505618350206526 1.5705952052691874 0
      vertex -0.49348395133258594 1.626798570744755 0
    endloop
  endfacet
  facet normal 0.2429801799032641 -0.970031253194544 0
    outer loop
      vertex -0.33165354742741804 1.6673349766854917 0
      vertex -0.33165354742741804 1.6673349766854917 10.8
      vertex -0.49348395133258594 1.626798570744755 0
    endloop
  endfacet
  facet normal 0.14673047445536194 -0.9891765099647809 0
    outer loop
      vertex -0.16662913856025302 1.6918140353427347 0
      vertex -0.16662913856025302 1.6918140353427347 10.8
      vertex -0.33165354742741804 1.6673349766854917 0
    endloop
  endfacet
  facet normal 0.04906767432741798 -0.9987954562051723 0
    outer loop
      vertex 0 1.7 10.8
      vertex -0.16662913856025302 1.6918140353427347 0
      vertex 0 1.7 0
    endloop
  endfacet
  facet normal -0.04906767432741798 -0.9987954562051723 0
    outer loop
      vertex 0.16662913856025302 1.6918140353427347 0
      vertex 0.16662913856025302 1.6918140353427347 10.8
      vertex 0 1.7 0
    endloop
  endfacet
  facet normal -0.14673047445536194 -0.9891765099647809 0
    outer loop
      vertex 0.33165354742741804 1.6673349766854917 10.8
      vertex 0.16662913856025302 1.6918140353427347 0
      vertex 0.33165354742741804 1.6673349766854917 0
    endloop
  endfacet
  facet normal -0.42755509343028203 -0.9039892931234433 0
    outer loop
      vertex 0.8013744526041959 1.4992661493922035 0
      vertex 0.8013744526041959 1.4992661493922035 10.8
      vertex 0.6505618350206526 1.5705952052691874 0
    endloop
  endfacet
  facet normal -0.2429801799032641 -0.970031253194544 0
    outer loop
      vertex 0.33165354742741804 1.6673349766854917 0
      vertex 0.49348395133258594 1.626798570744755 0
      vertex 0.49348395133258594 1.626798570744755 10.8
    endloop
  endfacet
  facet normal -0.33688985339222 -0.9415440651830208 0
    outer loop
      vertex 0.6505618350206526 1.5705952052691874 0
      vertex 0.6505618350206526 1.5705952052691874 10.8
      vertex 0.49348395133258594 1.626798570744755 0
    endloop
  endfacet
  facet normal -0.9987954562051723 -0.04906767432741798 0
    outer loop
      vertex 1.7 0 0
      vertex 1.7 0 10.8
      vertex 1.6918140353427347 0.16662913856025302 0
    endloop
  endfacet
  facet normal -0.9891765099647809 -0.14673047445536194 0
    outer loop
      vertex 1.6673349766854917 0.33165354742741804 0
      vertex 1.6918140353427347 0.16662913856025302 0
      vertex 1.6918140353427347 0.16662913856025302 10.8
    endloop
  endfacet
  facet normal -0.970031253194544 -0.2429801799032641 0
    outer loop
      vertex 1.626798570744755 0.49348395133258594 0
      vertex 1.6673349766854917 0.33165354742741804 0
      vertex 1.6673349766854917 0.33165354742741804 10.8
    endloop
  endfacet
  facet normal -0.9415440651830208 -0.33688985339222 0
    outer loop
      vertex 1.626798570744755 0.49348395133258594 10.8
      vertex 1.5705952052691874 0.6505618350206526 0
      vertex 1.626798570744755 0.49348395133258594 0
    endloop
  endfacet
  facet normal -0.8577286100002722 -0.5141027441932214 0
    outer loop
      vertex 1.413498340914327 0.9444693961333237 0
      vertex 1.4992661493922035 0.8013744526041959 0
      vertex 1.4992661493922035 0.8013744526041959 10.8
    endloop
  endfacet
  facet normal -0.9039892931234433 -0.42755509343028203 0
    outer loop
      vertex 1.4992661493922035 0.8013744526041959 0
      vertex 1.5705952052691874 0.6505618350206526 0
      vertex 1.5705952052691874 0.6505618350206526 10.8
    endloop
  endfacet
  facet normal -0.8032075314806452 -0.595699304492433 0
    outer loop
      vertex 1.314117770716653 1.0784685830781973 0
      vertex 1.413498340914327 0.9444693961333237 0
      vertex 1.413498340914327 0.9444693961333237 10.8
    endloop
  endfacet
  facet normal -0.7409511253549594 -0.671558954847018 0
    outer loop
      vertex 1.2020815280171309 1.2020815280171309 0
      vertex 1.314117770716653 1.0784685830781973 0
      vertex 1.314117770716653 1.0784685830781973 10.8
    endloop
  endfacet
  facet normal -0.595699304492433 -0.8032075314806452 0
    outer loop
      vertex 0.9444693961333237 1.413498340914327 0
      vertex 1.0784685830781973 1.314117770716653 0
      vertex 1.0784685830781973 1.314117770716653 10.8
    endloop
  endfacet
  facet normal -0.671558954847018 -0.7409511253549594 0
    outer loop
      vertex 1.0784685830781973 1.314117770716653 0
      vertex 1.2020815280171309 1.2020815280171309 0
      vertex 1.2020815280171309 1.2020815280171309 10.8
    endloop
  endfacet
  facet normal -0.5141027441932214 -0.8577286100002722 0
    outer loop
      vertex 0.9444693961333237 1.413498340914327 0
      vertex 0.9444693961333237 1.413498340914327 10.8
      vertex 0.8013744526041959 1.4992661493922035 0
    endloop
  endfacet
  facet normal 0.9987954562051723 -0.04906767432741798 0
    outer loop
      vertex -1.6918140353427347 0.16662913856025302 10.8
      vertex -1.7 0 10.8
      vertex -1.7 0 0
    endloop
  endfacet
  facet normal 0.9891765099647809 -0.14673047445536194 0
    outer loop
      vertex -1.6673349766854917 0.33165354742741804 10.8
      vertex -1.6918140353427347 0.16662913856025302 10.8
      vertex -1.6918140353427347 0.16662913856025302 0
    endloop
  endfacet
  facet normal 0.970031253194544 -0.2429801799032641 0
    outer loop
      vertex -1.6673349766854917 0.33165354742741804 0
      vertex -1.626798570744755 0.49348395133258594 10.8
      vertex -1.6673349766854917 0.33165354742741804 10.8
    endloop
  endfacet
  facet normal 0.9415440651830208 -0.33688985339222 0
    outer loop
      vertex -1.626798570744755 0.49348395133258594 0
      vertex -1.5705952052691874 0.6505618350206526 10.8
      vertex -1.626798570744755 0.49348395133258594 10.8
    endloop
  endfacet
  facet normal 0.9039892931234433 -0.42755509343028203 0
    outer loop
      vertex -1.4992661493922035 0.8013744526041959 10.8
      vertex -1.5705952052691874 0.6505618350206526 10.8
      vertex -1.5705952052691874 0.6505618350206526 0
    endloop
  endfacet
  facet normal 0.8577286100002722 -0.5141027441932214 0
    outer loop
      vertex -1.413498340914327 0.9444693961333237 10.8
      vertex -1.4992661493922035 0.8013744526041959 10.8
      vertex -1.4992661493922035 0.8013744526041959 0
    endloop
  endfacet
  facet normal 0.8032075314806452 -0.595699304492433 0
    outer loop
      vertex -1.314117770716653 1.0784685830781973 10.8
      vertex -1.413498340914327 0.9444693961333237 10.8
      vertex -1.413498340914327 0.9444693961333237 0
    endloop
  endfacet
  facet normal 0.7409511253549594 -0.671558954847018 0
    outer loop
      vertex -1.2020815280171309 1.2020815280171309 10.8
      vertex -1.314117770716653 1.0784685830781973 10.8
      vertex -1.314117770716653 1.0784685830781973 0
    endloop
  endfacet
  facet normal 0.671558954847018 -0.7409511253549594 0
    outer loop
      vertex -1.2020815280171309 1.2020815280171309 0
      vertex -1.0784685830781973 1.314117770716653 10.8
      vertex -1.2020815280171309 1.2020815280171309 10.8
    endloop
  endfacet
  facet normal 0.595699304492433 -0.8032075314806452 0
    outer loop
      vertex -1.0784685830781973 1.314117770716653 0
      vertex -0.9444693961333237 1.413498340914327 10.8
      vertex -1.0784685830781973 1.314117770716653 10.8
    endloop
  endfacet
  facet normal 0.5141027441932214 -0.8577286100002722 0
    outer loop
      vertex -0.9444693961333237 1.413498340914327 0
      vertex -0.8013744526041959 1.4992661493922035 10.8
      vertex -0.9444693961333237 1.413498340914327 10.8
    endloop
  endfacet
  facet normal 0.42755509343028203 -0.9039892931234433 0
    outer loop
      vertex -0.8013744526041959 1.4992661493922035 10.8
      vertex -0.8013744526041959 1.4992661493922035 0
      vertex -0.6505618350206526 1.5705952052691874 10.8
    endloop
  endfacet
  facet normal 0.33688985339222 -0.9415440651830208 0
    outer loop
      vertex -0.6505618350206526 1.5705952052691874 0
      vertex -0.49348395133258594 1.626798570744755 10.8
      vertex -0.6505618350206526 1.5705952052691874 10.8
    endloop
  endfacet
  facet normal 0.2429801799032641 -0.970031253194544 0
    outer loop
      vertex -0.33165354742741804 1.6673349766854917 10.8
      vertex -0.49348395133258594 1.626798570744755 10.8
      vertex -0.49348395133258594 1.626798570744755 0
    endloop
  endfacet
  facet normal 0.14673047445536194 -0.9891765099647809 0
    outer loop
      vertex -0.33165354742741804 1.6673349766854917 0
      vertex -0.16662913856025302 1.6918140353427347 10.8
      vertex -0.33165354742741804 1.6673349766854917 10.8
    endloop
  endfacet
  facet normal 0.04906767432741798 -0.9987954562051723 0
    outer loop
      vertex 0 1.7 10.8
      vertex -0.16662913856025302 1.6918140353427347 10.8
      vertex -0.16662913856025302 1.6918140353427347 0
    endloop
  endfacet
  facet normal -0.04906767432741798 -0.9987954562051723 0
    outer loop
      vertex 0 1.7 10.8
      vertex 0 1.7 0
      vertex 0.16662913856025302 1.6918140353427347 10.8
    endloop
  endfacet
  facet normal -0.2429801799032641 -0.970031253194544 0
    outer loop
      vertex 0.33165354742741804 1.6673349766854917 0
      vertex 0.49348395133258594 1.626798570744755 10.8
      vertex 0.33165354742741804 1.6673349766854917 10.8
    endloop
  endfacet
  facet normal -0.14673047445536194 -0.9891765099647809 0
    outer loop
      vertex 0.16662913856025302 1.6918140353427347 0
      vertex 0.33165354742741804 1.6673349766854917 10.8
      vertex 0.16662913856025302 1.6918140353427347 10.8
    endloop
  endfacet
  facet normal -0.5141027441932214 -0.8577286100002722 0
    outer loop
      vertex 0.8013744526041959 1.4992661493922035 0
      vertex 0.9444693961333237 1.413498340914327 10.8
      vertex 0.8013744526041959 1.4992661493922035 10.8
    endloop
  endfacet
  facet normal -0.42755509343028203 -0.9039892931234433 0
    outer loop
      vertex 0.6505618350206526 1.5705952052691874 0
      vertex 0.8013744526041959 1.4992661493922035 10.8
      vertex 0.6505618350206526 1.5705952052691874 10.8
    endloop
  endfacet
  facet normal -0.33688985339222 -0.9415440651830208 0
    outer loop
      vertex 0.49348395133258594 1.626798570744755 0
      vertex 0.6505618350206526 1.5705952052691874 10.8
      vertex 0.49348395133258594 1.626798570744755 10.8
    endloop
  endfacet
  facet normal -0.9987954562051723 -0.04906767432741798 0
    outer loop
      vertex 1.6918140353427347 0.16662913856025302 0
      vertex 1.7 0 10.8
      vertex 1.6918140353427347 0.16662913856025302 10.8
    endloop
  endfacet
  facet normal -0.9891765099647809 -0.14673047445536194 0
    outer loop
      vertex 1.6673349766854917 0.33165354742741804 0
      vertex 1.6918140353427347 0.16662913856025302 10.8
      vertex 1.6673349766854917 0.33165354742741804 10.8
    endloop
  endfacet
  facet normal -0.970031253194544 -0.2429801799032641 0
    outer loop
      vertex 1.6673349766854917 0.33165354742741804 10.8
      vertex 1.626798570744755 0.49348395133258594 10.8
      vertex 1.626798570744755 0.49348395133258594 0
    endloop
  endfacet
  facet normal -0.9415440651830208 -0.33688985339222 0
    outer loop
      vertex 1.626798570744755 0.49348395133258594 10.8
      vertex 1.5705952052691874 0.6505618350206526 10.8
      vertex 1.5705952052691874 0.6505618350206526 0
    endloop
  endfacet
  facet normal -0.9039892931234433 -0.42755509343028203 0
    outer loop
      vertex 1.5705952052691874 0.6505618350206526 10.8
      vertex 1.4992661493922035 0.8013744526041959 10.8
      vertex 1.4992661493922035 0.8013744526041959 0
    endloop
  endfacet
  facet normal -0.8577286100002722 -0.5141027441932214 0
    outer loop
      vertex 1.413498340914327 0.9444693961333237 0
      vertex 1.4992661493922035 0.8013744526041959 10.8
      vertex 1.413498340914327 0.9444693961333237 10.8
    endloop
  endfacet
  facet normal -0.8032075314806452 -0.595699304492433 0
    outer loop
      vertex 1.413498340914327 0.9444693961333237 10.8
      vertex 1.314117770716653 1.0784685830781973 10.8
      vertex 1.314117770716653 1.0784685830781973 0
    endloop
  endfacet
  facet normal -0.7409511253549594 -0.671558954847018 0
    outer loop
      vertex 1.2020815280171309 1.2020815280171309 0
      vertex 1.314117770716653 1.0784685830781973 10.8
      vertex 1.2020815280171309 1.2020815280171309 10.8
    endloop
  endfacet
  facet normal -0.595699304492433 -0.8032075314806452 0
    outer loop
      vertex 0.9444693961333237 1.413498340914327 0
      vertex 1.0784685830781973 1.314117770716653 10.8
      vertex 0.9444693961333237 1.413498340914327 10.8
    endloop
  endfacet
  facet normal -0.671558954847018 -0.7409511253549594 0
    outer loop
      vertex 1.0784685830781973 1.314117770716653 10.8
      vertex 1.0784685830781973 1.314117770716653 0
      vertex 1.2020815280171309 1.2020815280171309 10.8
    endloop
  endfacet
  facet normal 0.514102744193225 0.8577286100002702 0
    outer loop
      vertex 8.055530603866677 -1.413498340914327 0
      vertex 8.055530603866677 -1.413498340914327 10.8
      vertex 8.198625547395803 -1.4992661493922035 0
    endloop
  endfacet
  facet normal 0.6715589548470173 0.74095112535496 0
    outer loop
      vertex 7.797918471982869 -1.2020815280171309 0
      vertex 7.797918471982869 -1.2020815280171309 10.8
      vertex 7.921531416921803 -1.314117770716653 0
    endloop
  endfacet
  facet normal 0.5956993044924317 0.803207531480646 0
    outer loop
      vertex 8.055530603866677 -1.413498340914327 0
      vertex 7.921531416921803 -1.314117770716653 0
      vertex 7.921531416921803 -1.314117770716653 10.8
    endloop
  endfacet
  facet normal 0.7409511253549608 0.6715589548470166 0
    outer loop
      vertex 7.797918471982869 -1.2020815280171309 0
      vertex 7.685882229283347 -1.0784685830781973 0
      vertex 7.685882229283347 -1.0784685830781973 10.8
    endloop
  endfacet
  facet normal 0.8032075314806452 0.595699304492433 0
    outer loop
      vertex 7.685882229283347 -1.0784685830781973 0
      vertex 7.586501659085673 -0.9444693961333237 0
      vertex 7.586501659085673 -0.9444693961333237 10.8
    endloop
  endfacet
  facet normal 0.9039892931234443 0.42755509343027986 0
    outer loop
      vertex 7.500733850607796 -0.8013744526041959 0
      vertex 7.429404794730813 -0.6505618350206526 0
      vertex 7.429404794730813 -0.6505618350206526 10.8
    endloop
  endfacet
  facet normal 0.8577286100002705 0.5141027441932243 0
    outer loop
      vertex 7.586501659085673 -0.9444693961333237 0
      vertex 7.500733850607796 -0.8013744526041959 0
      vertex 7.500733850607796 -0.8013744526041959 10.8
    endloop
  endfacet
  facet normal 0.9415440651830199 0.3368898533922223 0
    outer loop
      vertex 7.429404794730813 -0.6505618350206526 0
      vertex 7.373201429255245 -0.49348395133258594 0
      vertex 7.373201429255245 -0.49348395133258594 10.8
    endloop
  endfacet
  facet normal 0.9700312531945443 0.24298017990326287 0
    outer loop
      vertex 7.373201429255245 -0.49348395133258594 0
      vertex 7.332665023314508 -0.33165354742741804 0
      vertex 7.332665023314508 -0.33165354742741804 10.8
    endloop
  endfacet
  facet normal 0.9891765099647809 0.14673047445536194 0
    outer loop
      vertex 7.332665023314508 -0.33165354742741804 0
      vertex 7.308185964657265 -0.16662913856025302 0
      vertex 7.308185964657265 -0.16662913856025302 10.8
    endloop
  endfacet
  facet normal 0.9987954562051723 0.04906767432741798 0
    outer loop
      vertex 7.3 0 10.8
      vertex 7.308185964657265 -0.16662913856025302 0
      vertex 7.3 0 0
    endloop
  endfacet
  facet normal 0.3368898533922179 0.9415440651830215 0
    outer loop
      vertex 8.349438164979347 -1.5705952052691874 0
      vertex 8.349438164979347 -1.5705952052691874 10.8
      vertex 8.506516048667415 -1.626798570744755 0
    endloop
  endfacet
  facet normal 0.242980179903265 0.9700312531945436 0
    outer loop
      vertex 8.668346452572582 -1.6673349766854917 0
      vertex 8.506516048667415 -1.626798570744755 0
      vertex 8.506516048667415 -1.626798570744755 10.8
    endloop
  endfacet
  facet normal 0.42755509343028153 0.9039892931234437 0
    outer loop
      vertex 8.198625547395803 -1.4992661493922035 10.8
      vertex 8.349438164979347 -1.5705952052691874 0
      vertex 8.198625547395803 -1.4992661493922035 0
    endloop
  endfacet
  facet normal 0.1467304744553621 0.989176509964781 0
    outer loop
      vertex 8.668346452572582 -1.6673349766854917 10.8
      vertex 8.833370861439747 -1.6918140353427347 0
      vertex 8.668346452572582 -1.6673349766854917 0
    endloop
  endfacet
  facet normal 0.04906767432741787 0.9987954562051724 0
    outer loop
      vertex 8.833370861439747 -1.6918140353427347 0
      vertex 8.833370861439747 -1.6918140353427347 10.8
      vertex 9 -1.7 0
    endloop
  endfacet
  facet normal -0.04906767432741787 0.9987954562051724 0
    outer loop
      vertex 9 -1.7 10.8
      vertex 9.166629138560253 -1.6918140353427347 0
      vertex 9 -1.7 0
    endloop
  endfacet
  facet normal -0.1467304744553621 0.989176509964781 0
    outer loop
      vertex 9.166629138560253 -1.6918140353427347 0
      vertex 9.166629138560253 -1.6918140353427347 10.8
      vertex 9.331653547427418 -1.6673349766854917 0
    endloop
  endfacet
  facet normal -0.242980179903265 0.9700312531945436 0
    outer loop
      vertex 9.331653547427418 -1.6673349766854917 0
      vertex 9.331653547427418 -1.6673349766854917 10.8
      vertex 9.493483951332585 -1.626798570744755 0
    endloop
  endfacet
  facet normal -0.3368898533922179 0.9415440651830215 0
    outer loop
      vertex 9.493483951332585 -1.626798570744755 0
      vertex 9.493483951332585 -1.626798570744755 10.8
      vertex 9.650561835020653 -1.5705952052691874 0
    endloop
  endfacet
  facet normal -0.42755509343028153 0.9039892931234437 0
    outer loop
      vertex 9.650561835020653 -1.5705952052691874 0
      vertex 9.650561835020653 -1.5705952052691874 10.8
      vertex 9.801374452604197 -1.4992661493922035 0
    endloop
  endfacet
  facet normal -0.514102744193225 0.8577286100002702 0
    outer loop
      vertex 9.944469396133323 -1.413498340914327 0
      vertex 9.801374452604197 -1.4992661493922035 0
      vertex 9.801374452604197 -1.4992661493922035 10.8
    endloop
  endfacet
  facet normal -0.5956993044924292 0.8032075314806479 0
    outer loop
      vertex 9.944469396133323 -1.413498340914327 0
      vertex 9.944469396133323 -1.413498340914327 10.8
      vertex 10.078468583078198 -1.314117770716653 0
    endloop
  endfacet
  facet normal -0.6715589548470227 0.7409511253549552 0
    outer loop
      vertex 10.078468583078198 -1.314117770716653 10.8
      vertex 10.20208152801713 -1.2020815280171309 0
      vertex 10.078468583078198 -1.314117770716653 0
    endloop
  endfacet
  facet normal -0.7409511253549581 0.6715589548470194 0
    outer loop
      vertex 10.20208152801713 -1.2020815280171309 0
      vertex 10.20208152801713 -1.2020815280171309 10.8
      vertex 10.314117770716653 -1.0784685830781973 0
    endloop
  endfacet
  facet normal -0.8032075314806452 0.595699304492433 0
    outer loop
      vertex 10.413498340914327 -0.9444693961333237 0
      vertex 10.314117770716653 -1.0784685830781973 0
      vertex 10.314117770716653 -1.0784685830781973 10.8
    endloop
  endfacet
  facet normal -0.8577286100002705 0.5141027441932243 0
    outer loop
      vertex 10.499266149392204 -0.8013744526041959 0
      vertex 10.413498340914327 -0.9444693961333237 0
      vertex 10.413498340914327 -0.9444693961333237 10.8
    endloop
  endfacet
  facet normal -0.9039892931234443 0.42755509343027986 0
    outer loop
      vertex 10.570595205269187 -0.6505618350206526 0
      vertex 10.499266149392204 -0.8013744526041959 0
      vertex 10.499266149392204 -0.8013744526041959 10.8
    endloop
  endfacet
  facet normal -0.9415440651830199 0.3368898533922223 0
    outer loop
      vertex 10.570595205269187 -0.6505618350206526 10.8
      vertex 10.626798570744755 -0.49348395133258594 0
      vertex 10.570595205269187 -0.6505618350206526 0
    endloop
  endfacet
  facet normal -0.9700312531945443 0.24298017990326287 0
    outer loop
      vertex 10.667334976685492 -0.33165354742741804 0
      vertex 10.626798570744755 -0.49348395133258594 0
      vertex 10.626798570744755 -0.49348395133258594 10.8
    endloop
  endfacet
  facet normal -0.9891765099647817 0.14673047445535678 0
    outer loop
      vertex 10.691814035342734 -0.16662913856025302 0
      vertex 10.667334976685492 -0.33165354742741804 0
      vertex 10.667334976685492 -0.33165354742741804 10.8
    endloop
  endfacet
  facet normal -0.9987954562051723 0.04906767432741798 0
    outer loop
      vertex 10.691814035342734 -0.16662913856025302 0
      vertex 10.691814035342734 -0.16662913856025302 10.8
      vertex 10.7 0 0
    endloop
  endfacet
  facet normal 0.6715589548470173 0.74095112535496 0
    outer loop
      vertex 7.921531416921803 -1.314117770716653 0
      vertex 7.797918471982869 -1.2020815280171309 10.8
      vertex 7.921531416921803 -1.314117770716653 10.8
    endloop
  endfacet
  facet normal 0.5956993044924317 0.803207531480646 0
    outer loop
      vertex 8.055530603866677 -1.413498340914327 0
      vertex 7.921531416921803 -1.314117770716653 10.8
      vertex 8.055530603866677 -1.413498340914327 10.8
    endloop
  endfacet
  facet normal 0.7409511253549608 0.6715589548470166 0
    outer loop
      vertex 7.797918471982869 -1.2020815280171309 0
      vertex 7.685882229283347 -1.0784685830781973 10.8
      vertex 7.797918471982869 -1.2020815280171309 10.8
    endloop
  endfacet
  facet normal 0.8032075314806452 0.595699304492433 0
    outer loop
      vertex 7.586501659085673 -0.9444693961333237 10.8
      vertex 7.685882229283347 -1.0784685830781973 10.8
      vertex 7.685882229283347 -1.0784685830781973 0
    endloop
  endfacet
  facet normal 0.8577286100002705 0.5141027441932243 0
    outer loop
      vertex 7.586501659085673 -0.9444693961333237 0
      vertex 7.500733850607796 -0.8013744526041959 10.8
      vertex 7.586501659085673 -0.9444693961333237 10.8
    endloop
  endfacet
  facet normal 0.9039892931234443 0.42755509343027986 0
    outer loop
      vertex 7.429404794730813 -0.6505618350206526 10.8
      vertex 7.500733850607796 -0.8013744526041959 10.8
      vertex 7.500733850607796 -0.8013744526041959 0
    endloop
  endfacet
  facet normal 0.9415440651830199 0.3368898533922223 0
    outer loop
      vertex 7.429404794730813 -0.6505618350206526 0
      vertex 7.373201429255245 -0.49348395133258594 10.8
      vertex 7.429404794730813 -0.6505618350206526 10.8
    endloop
  endfacet
  facet normal 0.9700312531945443 0.24298017990326287 0
    outer loop
      vertex 7.332665023314508 -0.33165354742741804 10.8
      vertex 7.373201429255245 -0.49348395133258594 10.8
      vertex 7.373201429255245 -0.49348395133258594 0
    endloop
  endfacet
  facet normal 0.9891765099647809 0.14673047445536194 0
    outer loop
      vertex 7.332665023314508 -0.33165354742741804 0
      vertex 7.308185964657265 -0.16662913856025302 10.8
      vertex 7.332665023314508 -0.33165354742741804 10.8
    endloop
  endfacet
  facet normal 0.9987954562051723 0.04906767432741798 0
    outer loop
      vertex 7.3 0 10.8
      vertex 7.308185964657265 -0.16662913856025302 10.8
      vertex 7.308185964657265 -0.16662913856025302 0
    endloop
  endfacet
  facet normal 0.3368898533922179 0.9415440651830215 0
    outer loop
      vertex 8.506516048667415 -1.626798570744755 10.8
      vertex 8.506516048667415 -1.626798570744755 0
      vertex 8.349438164979347 -1.5705952052691874 10.8
    endloop
  endfacet
  facet normal 0.42755509343028153 0.9039892931234437 0
    outer loop
      vertex 8.349438164979347 -1.5705952052691874 0
      vertex 8.198625547395803 -1.4992661493922035 10.8
      vertex 8.349438164979347 -1.5705952052691874 10.8
    endloop
  endfacet
  facet normal 0.514102744193225 0.8577286100002702 0
    outer loop
      vertex 8.198625547395803 -1.4992661493922035 10.8
      vertex 8.198625547395803 -1.4992661493922035 0
      vertex 8.055530603866677 -1.413498340914327 10.8
    endloop
  endfacet
  facet normal 0.1467304744553621 0.989176509964781 0
    outer loop
      vertex 8.833370861439747 -1.6918140353427347 0
      vertex 8.668346452572582 -1.6673349766854917 10.8
      vertex 8.833370861439747 -1.6918140353427347 10.8
    endloop
  endfacet
  facet normal 0.242980179903265 0.9700312531945436 0
    outer loop
      vertex 8.668346452572582 -1.6673349766854917 0
      vertex 8.506516048667415 -1.626798570744755 10.8
      vertex 8.668346452572582 -1.6673349766854917 10.8
    endloop
  endfacet
  facet normal 0.04906767432741787 0.9987954562051724 0
    outer loop
      vertex 9 -1.7 0
      vertex 8.833370861439747 -1.6918140353427347 10.8
      vertex 9 -1.7 10.8
    endloop
  endfacet
  facet normal -0.04906767432741787 0.9987954562051724 0
    outer loop
      vertex 9.166629138560253 -1.6918140353427347 0
      vertex 9 -1.7 10.8
      vertex 9.166629138560253 -1.6918140353427347 10.8
    endloop
  endfacet
  facet normal -0.1467304744553621 0.989176509964781 0
    outer loop
      vertex 9.331653547427418 -1.6673349766854917 0
      vertex 9.166629138560253 -1.6918140353427347 10.8
      vertex 9.331653547427418 -1.6673349766854917 10.8
    endloop
  endfacet
  facet normal -0.242980179903265 0.9700312531945436 0
    outer loop
      vertex 9.331653547427418 -1.6673349766854917 10.8
      vertex 9.493483951332585 -1.626798570744755 10.8
      vertex 9.493483951332585 -1.626798570744755 0
    endloop
  endfacet
  facet normal -0.3368898533922179 0.9415440651830215 0
    outer loop
      vertex 9.650561835020653 -1.5705952052691874 0
      vertex 9.493483951332585 -1.626798570744755 10.8
      vertex 9.650561835020653 -1.5705952052691874 10.8
    endloop
  endfacet
  facet normal -0.42755509343028153 0.9039892931234437 0
    outer loop
      vertex 9.801374452604197 -1.4992661493922035 0
      vertex 9.650561835020653 -1.5705952052691874 10.8
      vertex 9.801374452604197 -1.4992661493922035 10.8
    endloop
  endfacet
  facet normal -0.514102744193225 0.8577286100002702 0
    outer loop
      vertex 9.944469396133323 -1.413498340914327 0
      vertex 9.801374452604197 -1.4992661493922035 10.8
      vertex 9.944469396133323 -1.413498340914327 10.8
    endloop
  endfacet
  facet normal -0.5956993044924292 0.8032075314806479 0
    outer loop
      vertex 10.078468583078198 -1.314117770716653 10.8
      vertex 10.078468583078198 -1.314117770716653 0
      vertex 9.944469396133323 -1.413498340914327 10.8
    endloop
  endfacet
  facet normal -0.6715589548470227 0.7409511253549552 0
    outer loop
      vertex 10.20208152801713 -1.2020815280171309 0
      vertex 10.078468583078198 -1.314117770716653 10.8
      vertex 10.20208152801713 -1.2020815280171309 10.8
    endloop
  endfacet
  facet normal -0.7409511253549581 0.6715589548470194 0
    outer loop
      vertex 10.20208152801713 -1.2020815280171309 10.8
      vertex 10.314117770716653 -1.0784685830781973 10.8
      vertex 10.314117770716653 -1.0784685830781973 0
    endloop
  endfacet
  facet normal -0.8032075314806452 0.595699304492433 0
    outer loop
      vertex 10.314117770716653 -1.0784685830781973 10.8
      vertex 10.413498340914327 -0.9444693961333237 10.8
      vertex 10.413498340914327 -0.9444693961333237 0
    endloop
  endfacet
  facet normal -0.8577286100002705 0.5141027441932243 0
    outer loop
      vertex 10.413498340914327 -0.9444693961333237 10.8
      vertex 10.499266149392204 -0.8013744526041959 10.8
      vertex 10.499266149392204 -0.8013744526041959 0
    endloop
  endfacet
  facet normal -0.9039892931234443 0.42755509343027986 0
    outer loop
      vertex 10.499266149392204 -0.8013744526041959 10.8
      vertex 10.570595205269187 -0.6505618350206526 10.8
      vertex 10.570595205269187 -0.6505618350206526 0
    endloop
  endfacet
  facet normal -0.9415440651830199 0.3368898533922223 0
    outer loop
      vertex 10.570595205269187 -0.6505618350206526 10.8
      vertex 10.626798570744755 -0.49348395133258594 10.8
      vertex 10.626798570744755 -0.49348395133258594 0
    endloop
  endfacet
  facet normal -0.9700312531945443 0.24298017990326287 0
    outer loop
      vertex 10.667334976685492 -0.33165354742741804 0
      vertex 10.626798570744755 -0.49348395133258594 10.8
      vertex 10.667334976685492 -0.33165354742741804 10.8
    endloop
  endfacet
  facet normal -0.9891765099647817 0.14673047445535678 0
    outer loop
      vertex 10.667334976685492 -0.33165354742741804 10.8
      vertex 10.691814035342734 -0.16662913856025302 10.8
      vertex 10.691814035342734 -0.16662913856025302 0
    endloop
  endfacet
  facet normal -0.9987954562051723 0.04906767432741798 0
    outer loop
      vertex 10.7 0 0
      vertex 10.691814035342734 -0.16662913856025302 10.8
      vertex 10.7 0 10.8
    endloop
  endfacet
  facet normal 0.9987954562051723 -0.04906767432741798 0
    outer loop
      vertex 7.308185964657265 0.16662913856025302 10.8
      vertex 7.3 0 0
      vertex 7.308185964657265 0.16662913856025302 0
    endloop
  endfacet
  facet normal 0.9891765099647809 -0.14673047445536194 0
    outer loop
      vertex 7.308185964657265 0.16662913856025302 0
      vertex 7.332665023314508 0.33165354742741804 0
      vertex 7.332665023314508 0.33165354742741804 10.8
    endloop
  endfacet
  facet normal 0.9700312531945443 -0.24298017990326287 0
    outer loop
      vertex 7.332665023314508 0.33165354742741804 0
      vertex 7.373201429255245 0.49348395133258594 0
      vertex 7.373201429255245 0.49348395133258594 10.8
    endloop
  endfacet
  facet normal 0.9415440651830199 -0.3368898533922223 0
    outer loop
      vertex 7.373201429255245 0.49348395133258594 0
      vertex 7.429404794730813 0.6505618350206526 0
      vertex 7.429404794730813 0.6505618350206526 10.8
    endloop
  endfacet
  facet normal 0.9039892931234443 -0.42755509343027986 0
    outer loop
      vertex 7.429404794730813 0.6505618350206526 0
      vertex 7.500733850607796 0.8013744526041959 0
      vertex 7.500733850607796 0.8013744526041959 10.8
    endloop
  endfacet
  facet normal 0.8577286100002705 -0.5141027441932243 0
    outer loop
      vertex 7.500733850607796 0.8013744526041959 0
      vertex 7.586501659085673 0.9444693961333237 0
      vertex 7.586501659085673 0.9444693961333237 10.8
    endloop
  endfacet
  facet normal 0.8032075314806452 -0.595699304492433 0
    outer loop
      vertex 7.586501659085673 0.9444693961333237 0
      vertex 7.685882229283347 1.0784685830781973 0
      vertex 7.685882229283347 1.0784685830781973 10.8
    endloop
  endfacet
  facet normal 0.7409511253549608 -0.6715589548470166 0
    outer loop
      vertex 7.685882229283347 1.0784685830781973 0
      vertex 7.797918471982869 1.2020815280171309 0
      vertex 7.797918471982869 1.2020815280171309 10.8
    endloop
  endfacet
  facet normal 0.6715589548470173 -0.74095112535496 0
    outer loop
      vertex 7.921531416921803 1.314117770716653 0
      vertex 7.921531416921803 1.314117770716653 10.8
      vertex 7.797918471982869 1.2020815280171309 0
    endloop
  endfacet
  facet normal 0.5956993044924317 -0.803207531480646 0
    outer loop
      vertex 8.055530603866677 1.413498340914327 0
      vertex 8.055530603866677 1.413498340914327 10.8
      vertex 7.921531416921803 1.314117770716653 0
    endloop
  endfacet
  facet normal -0.9987954562051723 -0.04906767432741798 0
    outer loop
      vertex 10.7 0 0
      vertex 10.7 0 10.8
      vertex 10.691814035342734 0.16662913856025302 0
    endloop
  endfacet
  facet normal -0.9891765099647817 -0.14673047445535678 0
    outer loop
      vertex 10.667334976685492 0.33165354742741804 0
      vertex 10.691814035342734 0.16662913856025302 0
      vertex 10.691814035342734 0.16662913856025302 10.8
    endloop
  endfacet
  facet normal -0.9700312531945443 -0.24298017990326287 0
    outer loop
      vertex 10.626798570744755 0.49348395133258594 0
      vertex 10.667334976685492 0.33165354742741804 0
      vertex 10.667334976685492 0.33165354742741804 10.8
    endloop
  endfacet
  facet normal -0.9415440651830199 -0.3368898533922223 0
    outer loop
      vertex 10.626798570744755 0.49348395133258594 10.8
      vertex 10.570595205269187 0.6505618350206526 0
      vertex 10.626798570744755 0.49348395133258594 0
    endloop
  endfacet
  facet normal -0.8032075314806452 -0.595699304492433 0
    outer loop
      vertex 10.314117770716653 1.0784685830781973 0
      vertex 10.413498340914327 0.9444693961333237 0
      vertex 10.413498340914327 0.9444693961333237 10.8
    endloop
  endfacet
  facet normal -0.9039892931234443 -0.42755509343027986 0
    outer loop
      vertex 10.499266149392204 0.8013744526041959 0
      vertex 10.570595205269187 0.6505618350206526 0
      vertex 10.570595205269187 0.6505618350206526 10.8
    endloop
  endfacet
  facet normal -0.8577286100002705 -0.5141027441932243 0
    outer loop
      vertex 10.413498340914327 0.9444693961333237 0
      vertex 10.499266149392204 0.8013744526041959 0
      vertex 10.499266149392204 0.8013744526041959 10.8
    endloop
  endfacet
  facet normal -0.7409511253549581 -0.6715589548470194 0
    outer loop
      vertex 10.20208152801713 1.2020815280171309 0
      vertex 10.314117770716653 1.0784685830781973 0
      vertex 10.314117770716653 1.0784685830781973 10.8
    endloop
  endfacet
  facet normal -0.6715589548470227 -0.7409511253549552 0
    outer loop
      vertex 10.078468583078198 1.314117770716653 0
      vertex 10.20208152801713 1.2020815280171309 0
      vertex 10.20208152801713 1.2020815280171309 10.8
    endloop
  endfacet
  facet normal -0.5956993044924292 -0.8032075314806479 0
    outer loop
      vertex 9.944469396133323 1.413498340914327 0
      vertex 10.078468583078198 1.314117770716653 0
      vertex 10.078468583078198 1.314117770716653 10.8
    endloop
  endfacet
  facet normal 0.514102744193225 -0.8577286100002702 0
    outer loop
      vertex 8.055530603866677 1.413498340914327 0
      vertex 8.198625547395803 1.4992661493922035 0
      vertex 8.198625547395803 1.4992661493922035 10.8
    endloop
  endfacet
  facet normal 0.42755509343028153 -0.9039892931234437 0
    outer loop
      vertex 8.349438164979347 1.5705952052691874 0
      vertex 8.349438164979347 1.5705952052691874 10.8
      vertex 8.198625547395803 1.4992661493922035 0
    endloop
  endfacet
  facet normal 0.3368898533922179 -0.9415440651830215 0
    outer loop
      vertex 8.506516048667415 1.626798570744755 10.8
      vertex 8.349438164979347 1.5705952052691874 0
      vertex 8.506516048667415 1.626798570744755 0
    endloop
  endfacet
  facet normal 0.242980179903265 -0.9700312531945436 0
    outer loop
      vertex 8.668346452572582 1.6673349766854917 0
      vertex 8.668346452572582 1.6673349766854917 10.8
      vertex 8.506516048667415 1.626798570744755 0
    endloop
  endfacet
  facet normal 0.1467304744553621 -0.989176509964781 0
    outer loop
      vertex 8.833370861439747 1.6918140353427347 0
      vertex 8.833370861439747 1.6918140353427347 10.8
      vertex 8.668346452572582 1.6673349766854917 0
    endloop
  endfacet
  facet normal 0.04906767432741787 -0.9987954562051724 0
    outer loop
      vertex 9 1.7 10.8
      vertex 8.833370861439747 1.6918140353427347 0
      vertex 9 1.7 0
    endloop
  endfacet
  facet normal -0.04906767432741787 -0.9987954562051724 0
    outer loop
      vertex 9.166629138560253 1.6918140353427347 0
      vertex 9.166629138560253 1.6918140353427347 10.8
      vertex 9 1.7 0
    endloop
  endfacet
  facet normal -0.1467304744553621 -0.989176509964781 0
    outer loop
      vertex 9.331653547427418 1.6673349766854917 10.8
      vertex 9.166629138560253 1.6918140353427347 0
      vertex 9.331653547427418 1.6673349766854917 0
    endloop
  endfacet
  facet normal -0.242980179903265 -0.9700312531945436 0
    outer loop
      vertex 9.331653547427418 1.6673349766854917 0
      vertex 9.493483951332585 1.626798570744755 0
      vertex 9.493483951332585 1.626798570744755 10.8
    endloop
  endfacet
  facet normal -0.514102744193225 -0.8577286100002702 0
    outer loop
      vertex 9.944469396133323 1.413498340914327 0
      vertex 9.944469396133323 1.413498340914327 10.8
      vertex 9.801374452604197 1.4992661493922035 0
    endloop
  endfacet
  facet normal -0.42755509343028153 -0.9039892931234437 0
    outer loop
      vertex 9.801374452604197 1.4992661493922035 0
      vertex 9.801374452604197 1.4992661493922035 10.8
      vertex 9.650561835020653 1.5705952052691874 0
    endloop
  endfacet
  facet normal -0.3368898533922179 -0.9415440651830215 0
    outer loop
      vertex 9.650561835020653 1.5705952052691874 0
      vertex 9.650561835020653 1.5705952052691874 10.8
      vertex 9.493483951332585 1.626798570744755 0
    endloop
  endfacet
  facet normal 0.9987954562051723 -0.04906767432741798 0
    outer loop
      vertex 7.308185964657265 0.16662913856025302 10.8
      vertex 7.3 0 10.8
      vertex 7.3 0 0
    endloop
  endfacet
  facet normal 0.9891765099647809 -0.14673047445536194 0
    outer loop
      vertex 7.332665023314508 0.33165354742741804 10.8
      vertex 7.308185964657265 0.16662913856025302 10.8
      vertex 7.308185964657265 0.16662913856025302 0
    endloop
  endfacet
  facet normal 0.9700312531945443 -0.24298017990326287 0
    outer loop
      vertex 7.332665023314508 0.33165354742741804 0
      vertex 7.373201429255245 0.49348395133258594 10.8
      vertex 7.332665023314508 0.33165354742741804 10.8
    endloop
  endfacet
  facet normal 0.9415440651830199 -0.3368898533922223 0
    outer loop
      vertex 7.373201429255245 0.49348395133258594 0
      vertex 7.429404794730813 0.6505618350206526 10.8
      vertex 7.373201429255245 0.49348395133258594 10.8
    endloop
  endfacet
  facet normal 0.9039892931234443 -0.42755509343027986 0
    outer loop
      vertex 7.500733850607796 0.8013744526041959 10.8
      vertex 7.429404794730813 0.6505618350206526 10.8
      vertex 7.429404794730813 0.6505618350206526 0
    endloop
  endfacet
  facet normal 0.8577286100002705 -0.5141027441932243 0
    outer loop
      vertex 7.586501659085673 0.9444693961333237 10.8
      vertex 7.500733850607796 0.8013744526041959 10.8
      vertex 7.500733850607796 0.8013744526041959 0
    endloop
  endfacet
  facet normal 0.8032075314806452 -0.595699304492433 0
    outer loop
      vertex 7.685882229283347 1.0784685830781973 10.8
      vertex 7.586501659085673 0.9444693961333237 10.8
      vertex 7.586501659085673 0.9444693961333237 0
    endloop
  endfacet
  facet normal 0.7409511253549608 -0.6715589548470166 0
    outer loop
      vertex 7.797918471982869 1.2020815280171309 10.8
      vertex 7.685882229283347 1.0784685830781973 10.8
      vertex 7.685882229283347 1.0784685830781973 0
    endloop
  endfacet
  facet normal 0.6715589548470173 -0.74095112535496 0
    outer loop
      vertex 7.797918471982869 1.2020815280171309 0
      vertex 7.921531416921803 1.314117770716653 10.8
      vertex 7.797918471982869 1.2020815280171309 10.8
    endloop
  endfacet
  facet normal 0.5956993044924317 -0.803207531480646 0
    outer loop
      vertex 7.921531416921803 1.314117770716653 0
      vertex 8.055530603866677 1.413498340914327 10.8
      vertex 7.921531416921803 1.314117770716653 10.8
    endloop
  endfacet
  facet normal 0.514102744193225 -0.8577286100002702 0
    outer loop
      vertex 8.055530603866677 1.413498340914327 0
      vertex 8.198625547395803 1.4992661493922035 10.8
      vertex 8.055530603866677 1.413498340914327 10.8
    endloop
  endfacet
  facet normal -0.9987954562051723 -0.04906767432741798 0
    outer loop
      vertex 10.691814035342734 0.16662913856025302 0
      vertex 10.7 0 10.8
      vertex 10.691814035342734 0.16662913856025302 10.8
    endloop
  endfacet
  facet normal -0.9891765099647817 -0.14673047445535678 0
    outer loop
      vertex 10.667334976685492 0.33165354742741804 0
      vertex 10.691814035342734 0.16662913856025302 10.8
      vertex 10.667334976685492 0.33165354742741804 10.8
    endloop
  endfacet
  facet normal -0.9700312531945443 -0.24298017990326287 0
    outer loop
      vertex 10.667334976685492 0.33165354742741804 10.8
      vertex 10.626798570744755 0.49348395133258594 10.8
      vertex 10.626798570744755 0.49348395133258594 0
    endloop
  endfacet
  facet normal -0.9415440651830199 -0.3368898533922223 0
    outer loop
      vertex 10.626798570744755 0.49348395133258594 10.8
      vertex 10.570595205269187 0.6505618350206526 10.8
      vertex 10.570595205269187 0.6505618350206526 0
    endloop
  endfacet
  facet normal -0.8032075314806452 -0.595699304492433 0
    outer loop
      vertex 10.413498340914327 0.9444693961333237 10.8
      vertex 10.314117770716653 1.0784685830781973 10.8
      vertex 10.314117770716653 1.0784685830781973 0
    endloop
  endfacet
  facet normal -0.9039892931234443 -0.42755509343027986 0
    outer loop
      vertex 10.570595205269187 0.6505618350206526 10.8
      vertex 10.499266149392204 0.8013744526041959 10.8
      vertex 10.499266149392204 0.8013744526041959 0
    endloop
  endfacet
  facet normal -0.8577286100002705 -0.5141027441932243 0
    outer loop
      vertex 10.413498340914327 0.9444693961333237 0
      vertex 10.499266149392204 0.8013744526041959 10.8
      vertex 10.413498340914327 0.9444693961333237 10.8
    endloop
  endfacet
  facet normal -0.7409511253549581 -0.6715589548470194 0
    outer loop
      vertex 10.20208152801713 1.2020815280171309 0
      vertex 10.314117770716653 1.0784685830781973 10.8
      vertex 10.20208152801713 1.2020815280171309 10.8
    endloop
  endfacet
  facet normal -0.6715589548470227 -0.7409511253549552 0
    outer loop
      vertex 10.078468583078198 1.314117770716653 10.8
      vertex 10.078468583078198 1.314117770716653 0
      vertex 10.20208152801713 1.2020815280171309 10.8
    endloop
  endfacet
  facet normal -0.5956993044924292 -0.8032075314806479 0
    outer loop
      vertex 9.944469396133323 1.413498340914327 0
      vertex 10.078468583078198 1.314117770716653 10.8
      vertex 9.944469396133323 1.413498340914327 10.8
    endloop
  endfacet
  facet normal 0.42755509343028153 -0.9039892931234437 0
    outer loop
      vertex 8.198625547395803 1.4992661493922035 10.8
      vertex 8.198625547395803 1.4992661493922035 0
      vertex 8.349438164979347 1.5705952052691874 10.8
    endloop
  endfacet
  facet normal 0.3368898533922179 -0.9415440651830215 0
    outer loop
      vertex 8.349438164979347 1.5705952052691874 0
      vertex 8.506516048667415 1.626798570744755 10.8
      vertex 8.349438164979347 1.5705952052691874 10.8
    endloop
  endfacet
  facet normal 0.242980179903265 -0.9700312531945436 0
    outer loop
      vertex 8.668346452572582 1.6673349766854917 10.8
      vertex 8.506516048667415 1.626798570744755 10.8
      vertex 8.506516048667415 1.626798570744755 0
    endloop
  endfacet
  facet normal 0.1467304744553621 -0.989176509964781 0
    outer loop
      vertex 8.668346452572582 1.6673349766854917 0
      vertex 8.833370861439747 1.6918140353427347 10.8
      vertex 8.668346452572582 1.6673349766854917 10.8
    endloop
  endfacet
  facet normal 0.04906767432741787 -0.9987954562051724 0
    outer loop
      vertex 9 1.7 10.8
      vertex 8.833370861439747 1.6918140353427347 10.8
      vertex 8.833370861439747 1.6918140353427347 0
    endloop
  endfacet
  facet normal -0.04906767432741787 -0.9987954562051724 0
    outer loop
      vertex 9 1.7 10.8
      vertex 9 1.7 0
      vertex 9.166629138560253 1.6918140353427347 10.8
    endloop
  endfacet
  facet normal -0.1467304744553621 -0.989176509964781 0
    outer loop
      vertex 9.166629138560253 1.6918140353427347 0
      vertex 9.331653547427418 1.6673349766854917 10.8
      vertex 9.166629138560253 1.6918140353427347 10.8
    endloop
  endfacet
  facet normal -0.242980179903265 -0.9700312531945436 0
    outer loop
      vertex 9.331653547427418 1.6673349766854917 0
      vertex 9.493483951332585 1.626798570744755 10.8
      vertex 9.331653547427418 1.6673349766854917 10.8
    endloop
  endfacet
  facet normal -0.42755509343028153 -0.9039892931234437 0
    outer loop
      vertex 9.650561835020653 1.5705952052691874 0
      vertex 9.801374452604197 1.4992661493922035 10.8
      vertex 9.650561835020653 1.5705952052691874 10.8
    endloop
  endfacet
  facet normal -0.514102744193225 -0.8577286100002702 0
    outer loop
      vertex 9.801374452604197 1.4992661493922035 0
      vertex 9.944469396133323 1.413498340914327 10.8
      vertex 9.801374452604197 1.4992661493922035 10.8
    endloop
  endfacet
  facet normal -0.3368898533922179 -0.9415440651830215 0
    outer loop
      vertex 9.493483951332585 1.626798570744755 0
      vertex 9.650561835020653 1.5705952052691874 10.8
      vertex 9.493483951332585 1.626798570744755 10.8
    endloop
  endfacet
endsolid OpenSCAD_Model
